# Blender v2.93.4 OBJ File: ''
# www.blender.org
mtllib Surface2.mtl
o Plane
v -20.001781 -0.228226 18.178188
v 19.998219 0.121996 18.178188
v -20.001781 0.525435 -19.870594
v -20.001781 0.532240 -18.894985
v -20.001781 0.881915 -17.919373
v -19.998627 0.640887 -16.944578
v -19.949375 0.592890 -15.981689
v -19.982464 0.550300 -14.997534
v -19.962570 0.575908 -14.027061
v -19.968971 0.567667 -13.049799
v -19.789215 0.799045 -12.120619
v -19.781557 0.808901 -11.146986
v -19.820011 0.759404 -10.161444
v -19.915924 0.635948 -9.161062
v -19.925798 0.623239 -8.182901
v -20.000286 1.049643 -7.188052
v -20.082777 1.099960 -6.253254
v -20.191435 1.028511 -5.332914
v -20.129120 1.069487 -4.325608
v -20.207712 1.017807 -3.389975
v -20.199316 1.023328 -2.410094
v -20.144213 1.059562 -1.406456
v -20.222870 0.902340 -0.470855
v -20.051977 0.492428 0.591680
v -20.001781 0.525435 1.592823
v -20.001781 0.320208 2.568432
v -20.001781 0.097936 3.544042
v -20.001781 -0.542710 4.519652
v -20.001781 -0.121266 5.495262
v -20.001781 0.230574 6.470871
v -20.001781 0.045694 7.446481
v -20.001781 0.290895 8.422091
v -20.001781 -0.420807 9.397701
v -20.001781 -0.038033 10.373310
v -20.001781 0.084311 11.348921
v -20.001781 0.137436 12.324530
v -20.001781 -0.233093 13.300140
v -20.001781 -0.016420 14.275749
v -20.001781 -0.212088 15.251358
v -20.001781 0.280853 16.226969
v -20.001781 0.307743 17.202579
v 19.998219 0.099952 17.202579
v 19.998219 0.798752 16.226971
v 19.998219 -0.157547 15.251360
v 19.998219 0.052404 14.275749
v 19.998219 -0.242268 13.300138
v 19.998219 0.153907 12.324530
v 19.998219 -0.083145 11.348919
v 19.998219 -0.541716 10.373310
v 19.998219 0.188633 9.397699
v 19.998219 0.060409 8.422091
v 19.998219 -0.327485 7.446480
v 19.998219 -0.551821 6.470870
v 19.998219 -0.491211 5.495261
v 19.998219 -0.555577 4.519651
v 19.998219 -0.408982 3.544041
v 19.998219 0.136859 2.568431
v 19.998219 0.178693 1.592822
v 19.998219 -0.326154 0.617212
v 19.998219 -0.549460 -0.358398
v 19.998219 -0.005193 -1.334008
v 19.998219 -0.289341 -2.309618
v 19.998219 0.092565 -3.285227
v 19.998219 -0.036491 -4.260837
v 19.998219 -0.114441 -5.236447
v 19.998219 -0.433604 -6.212057
v 19.998219 -0.533550 -7.187666
v 19.998219 -0.223621 -8.163277
v 19.998219 0.197509 -9.138885
v 19.998219 -0.357476 -10.114496
v 19.998219 -0.162546 -11.090105
v 19.998219 -0.359654 -12.065716
v 19.998219 -0.094233 -13.041325
v 19.998219 -0.415973 -14.016935
v 19.998219 -0.403004 -14.992546
v 19.998219 -0.378160 -15.968155
v 19.998219 -0.337536 -16.943764
v 19.998219 -0.564503 -17.919373
v 19.998219 -0.564503 -18.894981
v 19.998219 -0.564503 -19.870594
v -20.001781 0.114156 17.202579
v 19.998219 1.496954 17.202579
v 19.998219 1.389074 17.202579
v 19.998219 1.832175 17.202579
v -20.001781 -0.156504 17.202579
v -20.001781 0.247993 17.202579
v -20.001781 -0.544166 17.202579
v -20.001781 -0.258249 17.202579
v 19.998219 1.039272 17.202579
v 19.998219 -0.098400 17.202579
v 19.998219 -0.558726 17.202579
v 19.998219 -0.202472 17.202579
v -20.001781 0.023836 17.202579
v -20.001781 0.084642 17.202579
v -19.132215 0.525435 18.178188
v -18.262650 0.525435 18.178188
v -17.393084 0.525435 18.178188
v -16.523518 0.525435 18.178188
v -15.653952 0.525435 18.178188
v -14.784387 0.525435 18.178188
v -13.914822 0.525435 18.178188
v -13.045257 0.525435 18.178188
v -12.175692 0.525435 18.178188
v -11.306127 0.525435 18.178188
v -10.436562 0.525435 18.178188
v -9.566997 0.525435 18.178188
v -8.697432 0.525435 18.178188
v -7.827868 0.525435 18.178188
v -6.958302 0.525435 18.178188
v -6.088737 0.525435 18.178188
v -5.219172 0.525435 18.178188
v -4.349607 0.525435 18.178188
v -3.480042 0.525435 18.178188
v -2.610476 0.525435 18.178188
v -1.740911 0.525435 18.178188
v -0.871346 0.525435 18.178188
v -0.001781 0.525435 18.178188
v 0.867784 0.525435 18.178188
v 1.737349 0.525435 18.178188
v 2.606915 0.525435 18.178188
v 3.476480 0.525435 18.178188
v 4.346045 0.525435 18.178188
v 5.215611 0.525435 18.178188
v 6.085176 0.525435 18.178188
v 6.954741 0.525435 18.178188
v 7.824306 0.525435 18.178188
v 8.693871 0.525435 18.178188
v 9.563437 0.525435 18.178188
v 10.433002 0.525435 18.178188
v 11.302567 0.525435 18.178188
v 12.172132 0.525435 18.178188
v 13.041697 0.502927 18.178188
v 13.911262 0.165157 18.178188
v 14.780828 0.377088 18.178188
v 15.650393 1.818216 18.178188
v 16.519957 4.497682 18.178188
v 17.389523 3.822584 18.178188
v 18.259089 3.409992 18.178188
v 19.128654 2.411607 18.178188
v 19.128653 0.114035 17.202579
v 18.259087 5.116097 17.202579
v 17.389521 6.654943 17.202579
v 16.519955 6.911489 17.202579
v 15.650391 2.786222 17.202579
v 14.780826 1.962729 17.202579
v 13.911261 1.465726 17.202579
v 13.041696 -0.089509 17.202579
v 12.172131 -0.312811 17.202579
v 11.302566 0.045976 17.202579
v 10.433001 0.366652 17.202579
v 9.563436 0.214689 17.202579
v 8.693871 0.057796 17.202579
v 7.824305 0.052306 17.202579
v 6.954740 0.263395 17.202579
v 6.085175 -0.323159 17.202579
v 5.215610 -0.170973 17.202579
v 4.346045 0.164057 17.202579
v 3.476480 -0.358045 17.202579
v 2.606915 -0.078523 17.202579
v 1.737349 0.049496 17.202579
v 0.867784 -0.050274 17.202579
v -0.001781 0.264131 17.202579
v -0.871347 -0.520619 17.202579
v -1.740912 0.204659 17.202579
v -2.610477 -0.540284 17.202579
v -3.480042 0.065206 17.202579
v -4.349608 -0.164913 17.202579
v -5.219173 -0.244055 17.202579
v -6.088738 0.017916 17.202579
v -6.958303 -0.360160 17.202579
v -7.827868 -0.120433 17.202579
v -8.697433 -0.121126 17.202579
v -9.566998 0.193381 17.202579
v -10.436563 0.006055 17.202579
v -11.306128 -0.392951 17.202579
v -12.175693 0.324771 17.202579
v -13.045258 0.182393 17.202579
v -13.914823 -0.216910 17.202579
v -14.784389 -0.177176 17.202579
v -15.653954 -0.553922 17.202579
v -16.523520 -0.329037 17.202579
v -17.393085 0.054096 17.202579
v -18.262651 0.103987 17.202579
v -19.132217 0.525435 17.202579
v 19.128653 1.966017 16.226971
v 18.259087 1.663739 16.226971
v 17.389521 2.975399 16.226971
v 16.519955 6.911489 16.226971
v 15.650391 2.863082 16.226971
v 14.780826 3.514463 16.226971
v 13.911261 0.886748 16.226971
v 13.041696 0.385323 16.226971
v 12.172131 -0.123796 16.226971
v 11.302566 -0.217252 16.226971
v 10.433001 -0.459718 16.226971
v 9.563436 0.121070 16.226971
v 8.693871 0.211730 16.226971
v 7.824305 -0.079168 16.226971
v 6.954740 -0.281677 16.226971
v 6.085175 -0.206194 16.226971
v 5.215610 -0.028145 16.226971
v 4.346045 -0.144308 16.226971
v 3.476480 0.115027 16.226971
v 2.606915 0.213288 16.226971
v 1.737349 -0.283029 16.226971
v 0.867784 -0.433625 16.226971
v -0.001781 0.065182 16.226971
v -0.871347 -0.264432 16.226971
v -1.740912 -0.226380 16.226971
v -2.610477 -0.032999 16.226971
v -3.480042 -0.526144 16.226971
v -4.349608 -0.518483 16.226971
v -5.219173 -0.303021 16.226971
v -6.088738 -0.267659 16.226971
v -6.958303 -0.448002 16.226971
v -7.827868 -0.282989 16.226971
v -8.697433 0.199138 16.226971
v -9.566998 0.007105 16.226971
v -10.436563 -0.447913 16.226971
v -11.306128 -0.112444 16.226971
v -12.175693 -0.319291 16.226971
v -13.045258 -0.059884 16.226971
v -13.914823 -0.432447 16.226971
v -14.784389 -0.346524 16.226971
v -15.653954 0.216756 16.226971
v -16.523520 0.101827 16.226971
v -17.393085 -0.023085 16.226971
v -18.262651 0.144473 16.226971
v -19.132217 0.525435 16.226971
v 19.128653 0.629794 15.251360
v 18.259087 -0.431076 15.251360
v 17.389521 2.105566 15.251360
v 16.519955 6.911489 15.251360
v 15.650391 1.315299 15.251360
v 14.780826 3.380855 15.251360
v 13.911261 0.799388 15.251360
v 13.041696 0.216149 15.251360
v 12.172131 -0.445930 15.251360
v 11.302566 -0.290493 15.251360
v 10.433001 -0.321217 15.251360
v 9.563436 -0.134448 15.251360
v 8.693871 -0.180863 15.251360
v 7.824305 -0.327406 15.251360
v 6.954740 -0.035849 15.251360
v 6.085175 -0.236746 15.251360
v 5.215610 -0.510339 15.251360
v 4.346045 -0.348393 15.251360
v 3.476480 -0.005369 15.251360
v 2.606915 -0.087275 15.251360
v 1.737349 -0.139296 15.251360
v 0.867784 -0.398595 15.251360
v -0.001781 0.054731 15.251360
v -0.871347 -0.105995 15.251360
v -1.740912 -0.476945 15.251360
v -2.610477 -0.452480 15.251360
v -3.480042 -0.380132 15.251360
v -4.349608 -0.123733 15.251360
v -5.219173 0.047520 15.251360
v -6.088738 0.061474 15.251360
v -6.958303 -0.296885 15.251360
v -7.827868 -0.293621 15.251360
v -8.697433 -0.032986 15.251360
v -9.566998 -0.375370 15.251360
v -10.436563 -0.324955 15.251360
v -11.306128 -0.388174 15.251360
v -12.175693 -0.180528 15.251360
v -13.045258 -0.235615 15.251360
v -13.914823 -0.076260 15.251360
v -14.784389 -0.002431 15.251360
v -15.653954 -0.471494 15.251360
v -16.523520 -0.319927 15.251360
v -17.393085 -0.127887 15.251360
v -18.262651 -0.455806 15.251360
v -19.132217 0.525435 15.251358
v 19.128653 0.669550 14.275749
v 18.259087 3.373566 14.275749
v 17.389521 1.993469 14.275749
v 16.519955 6.911489 14.275749
v 15.650391 3.388342 14.275749
v 14.780826 1.142962 14.275749
v 13.911261 1.528584 14.275749
v 13.041696 -0.043004 14.275749
v 12.172131 -0.091022 14.275749
v 11.302566 -0.295169 14.275749
v 10.433001 -0.390241 14.275749
v 9.563436 -0.537427 14.275749
v 8.693871 -0.259468 14.275749
v 7.824305 -0.119116 14.275749
v 6.954740 -0.431916 14.275749
v 6.085175 -0.141336 14.275749
v 5.215610 -0.457284 14.275749
v 4.346045 -0.097750 14.275749
v 3.476480 -0.187469 14.275749
v 2.606915 -0.093493 14.275749
v 1.737349 -0.158219 14.275749
v 0.867784 -0.534654 14.275749
v -0.001781 -0.123160 14.275749
v -0.871347 -0.283869 14.275749
v -1.740912 -0.303207 14.275749
v -2.610477 -0.519997 14.275749
v -3.480042 -0.523135 14.275749
v -4.349608 -0.461986 14.275749
v -5.219173 -0.556913 14.275749
v -6.037859 0.640575 14.255930
v -6.856400 0.753230 14.236053
v -7.807051 0.808124 14.267639
v -8.598514 0.750547 14.237217
v -9.547636 0.489541 14.268208
v -10.366380 0.724717 14.248409
v -11.245259 0.783748 14.252039
v -12.124007 0.773418 14.255615
v -12.993622 0.493812 14.255634
v -13.914823 0.502113 14.275749
v -14.784389 -0.383273 14.275749
v -15.653954 -0.085566 14.275749
v -16.523520 0.071670 14.275749
v -17.393085 -0.074967 14.275749
v -18.262651 0.198384 14.275749
v -19.132217 0.525435 14.275749
v 19.128653 -0.368823 13.300138
v 18.259087 1.705595 13.300138
v 17.389521 1.932155 13.300138
v 16.519955 6.911489 13.300138
v 15.650391 4.648844 13.300138
v 14.780826 0.973739 13.300138
v 13.911261 1.368950 13.300138
v 13.041696 -0.239107 13.300138
v 12.182637 0.211310 13.296047
v 11.343694 0.489623 13.284119
v 10.471231 0.641311 13.285246
v 9.681184 0.778329 13.254271
v 8.802849 0.710663 13.257687
v 7.862293 0.686599 13.285341
v 6.957139 0.514457 13.299204
v 6.205110 0.693798 13.253420
v 5.351956 0.790295 13.247026
v 4.363397 0.408622 13.293379
v 3.563537 0.742519 13.266226
v 2.680593 0.665243 13.271439
v 1.853706 0.759986 13.254814
v 0.919906 0.662036 13.279835
v 0.053484 0.686515 13.278610
v -0.755892 0.772110 13.255165
v -1.628972 0.684398 13.256535
v -2.516609 0.767177 13.263573
v -3.360157 0.600456 13.253439
v -4.269582 0.732099 13.268965
v -5.209825 0.504294 13.296497
v -5.951487 0.803046 13.246674
v -6.817370 0.930193 13.245239
v -7.572041 1.200649 13.200483
v -8.459249 1.206403 13.207357
v -9.525446 0.915188 13.283953
v -10.403390 0.870911 13.287216
v -11.064760 1.068599 13.206116
v -11.947970 1.163956 13.211432
v -12.998159 0.683031 13.281792
v -13.885379 0.735931 13.288670
v -14.784389 0.345847 13.300138
v -15.653954 -0.252680 13.300138
v -16.523520 -0.168607 13.300138
v -17.393085 -0.096390 13.300138
v -18.262651 0.300443 13.300138
v -19.132217 0.525435 13.300140
v 19.128653 1.837487 12.324530
v 18.259087 1.491560 12.324530
v 17.389521 4.617801 12.324530
v 16.519955 6.911489 12.324530
v 15.650391 0.514475 12.324530
v 14.780826 2.978416 12.324530
v 13.911261 -0.441522 12.324530
v 13.071536 0.655059 12.312904
v 12.358230 0.827668 12.252035
v 11.318597 0.665506 12.318285
v 10.648289 1.049784 12.240665
v 9.790392 0.998837 12.236120
v 8.748116 0.846503 12.303398
v 7.955834 0.848679 12.273293
v 7.122284 0.982360 12.259264
v 6.252917 0.930279 12.259186
v 5.216463 0.736224 12.324196
v 4.592903 0.987829 12.228367
v 3.520040 0.713457 12.307560
v 2.702943 0.809419 12.287123
v 1.995135 1.069158 12.224112
v 1.004146 0.946963 12.271410
v 0.208035 1.015222 12.242798
v -0.840757 0.744044 12.312613
v -1.640334 0.915335 12.285351
v -2.485952 0.827819 12.276022
v -3.413975 0.734253 12.298794
v -4.342501 0.758986 12.321760
v -5.150620 0.780369 12.297825
v -6.087465 0.685365 12.324034
v -6.801176 1.050732 12.263321
v -7.670430 1.077139 12.263201
v -8.534994 1.060762 12.261253
v -9.217320 1.330422 12.188316
v -10.050991 1.358832 12.174334
v -11.143137 1.037650 12.261038
v -11.815330 1.316200 12.168129
v -12.900903 1.026801 12.268297
v -13.815468 0.816338 12.285826
v -14.778177 0.572651 12.322109
v -15.653954 0.117944 12.324530
v -16.523520 0.023578 12.324530
v -17.393085 -0.202324 12.324530
v -18.262651 0.004140 12.324530
v -19.132217 0.525435 12.324530
v 19.128653 0.971544 11.348919
v 18.259087 2.032997 11.348919
v 17.389521 -0.411208 11.348919
v 16.519955 6.911489 11.348919
v 15.650391 0.913517 11.348919
v 14.780826 0.192335 11.348919
v 13.911261 2.309662 11.348919
v 13.136162 0.625269 11.312120
v 12.438960 1.003299 11.244978
v 11.336295 0.793508 11.335781
v 10.530702 0.919005 11.310862
v 9.635689 0.883508 11.320774
v 9.003128 1.214108 11.228451
v 8.057736 1.108337 11.257988
v 7.098418 0.983140 11.292952
v 6.244358 1.004768 11.286911
v 5.287313 0.882742 11.320988
v 4.749915 1.346085 11.191595
v 3.723826 1.127748 11.252567
v 2.768698 1.008394 11.285898
v 2.095313 1.282050 11.209478
v 1.111653 1.122897 11.253922
v 0.037359 0.837318 11.333672
v -0.724560 0.987475 11.291740
v -1.496006 1.124343 11.253519
v -2.446869 1.010940 11.285187
v -3.164034 1.223525 11.225821
v -3.963136 1.321815 11.198374
v -5.085094 0.969750 11.296690
v -6.012865 0.888557 11.319365
v -6.796945 1.017028 11.286064
v -7.228882 1.662558 11.115589
v -8.098446 1.662558 11.115589
v -8.968011 1.662558 11.115589
v -9.907798 1.616383 11.079870
v -10.776028 1.617260 11.080549
v -12.216454 0.857776 11.258074
v -12.886111 1.130829 11.159651
v -13.917198 0.815432 11.243752
v -14.749519 0.565618 11.335337
v -15.653954 0.382006 11.348919
v -16.523520 0.031185 11.348919
v -17.393085 0.104198 11.348919
v -18.262651 -0.478110 11.348919
v -19.132217 0.525435 11.348921
v 19.128653 -0.055315 10.373310
v 18.259087 3.546530 10.373310
v 17.389521 3.507862 10.373310
v 16.519955 6.911489 10.373310
v 15.650391 1.658782 10.373310
v 14.780826 1.681341 10.373310
v 13.937282 1.723583 10.363173
v 13.108482 0.836614 10.347294
v 12.317064 0.882973 10.316853
v 11.445476 0.991293 10.317640
v 11.031987 1.662558 10.139980
v 10.162422 1.662558 10.139980
v 9.292857 1.662558 10.139980
v 8.423292 1.662558 10.139980
v 7.553726 1.662558 10.139980
v 6.684161 1.662558 10.139980
v 5.814596 1.662558 10.139980
v 4.945031 1.662558 10.139980
v 4.075466 1.662558 10.139980
v 3.205901 1.662558 10.139980
v 2.336336 1.662558 10.139980
v 1.466770 1.662558 10.139980
v 0.597205 1.662558 10.139980
v -0.272360 1.662558 10.139980
v -1.141926 1.662558 10.139980
v -2.011491 1.662558 10.139980
v -2.881056 1.662558 10.139980
v -3.750621 1.662558 10.139980
v -4.620187 1.662558 10.139980
v -5.489752 1.662558 10.139980
v -6.359317 1.662558 10.139980
v -7.228882 1.662558 10.139980
v -8.352404 1.273232 10.238907
v -9.389563 1.085541 10.236811
v -10.100626 1.312898 10.167444
v -11.106612 1.216613 10.117304
v -12.167869 1.030205 10.136053
v -12.930084 1.099422 10.173143
v -13.937401 0.784918 10.271107
v -14.840852 0.833130 10.335100
v -15.653954 0.242258 10.373310
v -16.523520 -0.254947 10.373310
v -17.393085 -0.117555 10.373310
v -18.262651 -0.278031 10.373310
v -19.132217 0.525435 10.373310
v 19.128653 1.365273 9.397699
v 18.259087 2.732119 9.397699
v 17.389521 4.273724 9.397699
v 16.519955 6.911489 9.397699
v 15.650391 2.445429 9.397699
v 14.780826 2.331521 9.397699
v 13.925251 0.970031 9.392250
v 13.168291 1.057697 9.348385
v 12.258299 0.751292 9.364134
v 11.569698 1.119087 9.293640
v 10.868471 1.390165 9.228065
v 9.747095 1.038910 9.326157
v 8.977552 1.178433 9.287193
v 8.244145 1.368361 9.234156
v 7.207968 1.135953 9.299057
v 6.462320 1.308807 9.250786
v 5.622850 1.350787 9.239063
v 4.367774 0.813032 9.389235
v 3.593865 0.946463 9.351973
v 3.006660 1.340332 9.241983
v 1.889310 0.994694 9.338505
v 1.023861 1.000434 9.336901
v 0.374114 1.307062 9.251274
v -0.654387 1.085360 9.313185
v -1.682152 0.864686 9.374811
v -2.340766 1.158944 9.292637
v -3.376172 0.927611 9.357239
v -4.196681 0.996040 9.338129
v -4.867749 1.272928 9.260805
v -5.836199 1.134991 9.299326
v -6.600267 1.282151 9.258230
v -7.731012 0.917827 9.359970
v -8.539411 0.969067 9.333487
v -9.560357 0.754226 9.267347
v -10.832801 0.455676 9.152998
v -11.233347 0.999156 9.240606
v -12.048671 1.043340 9.300550
v -13.117270 0.818459 9.307272
v -14.076398 0.653746 9.233101
v -14.804052 0.739673 9.387697
v -15.655684 0.551421 9.396820
v -16.523520 -0.195937 9.397699
v -17.393085 0.014631 9.397699
v -18.262651 -0.162112 9.397699
v -19.132217 0.525435 9.397701
v 19.128653 1.010687 8.422091
v 18.259087 -0.498122 8.422091
v 17.389521 3.269704 8.422091
v 16.519955 6.911489 8.422091
v 15.650391 3.972780 8.422091
v 14.780826 -0.397609 8.422091
v 13.911261 0.597634 8.422091
v 13.041789 0.623908 8.422054
v 12.228592 0.546465 8.400097
v 11.351300 0.667361 8.403107
v 10.445701 0.651688 8.424580
v 9.554386 0.619440 8.435377
v 8.928390 0.943713 8.359360
v 8.006890 0.877879 8.371538
v 6.992338 0.671134 8.433498
v 6.082778 0.629274 8.432112
v 5.383099 0.873710 8.356846
v 4.452805 0.788999 8.380503
v 3.593971 0.803967 8.376322
v 2.903785 1.054186 8.306446
v 1.872879 0.829130 8.369295
v 0.997754 0.821375 8.371462
v 0.106255 0.790779 8.380005
v -0.711823 0.862600 8.359949
v -1.577622 0.867852 8.358482
v -2.427357 0.895514 8.350758
v -3.463403 0.663288 8.415607
v -4.301668 0.706949 8.403416
v -5.211718 0.650477 8.419186
v -5.965936 0.811376 8.374254
v -6.905675 0.713490 8.401588
v -7.668147 0.862875 8.359873
v -8.660506 0.707237 8.339067
v -9.537849 0.561171 8.348406
v -10.492852 0.704468 8.319542
v -11.542372 0.700185 8.224468
v -13.090489 0.371585 7.840364
v -13.093985 0.899810 8.336655
v -14.341109 0.641993 8.205256
v -14.982763 0.588341 8.321186
v -15.690531 0.092571 8.403484
v -16.523520 -0.412169 8.422091
v -17.393085 -0.513266 8.422091
v -18.262651 -0.240585 8.422091
v -19.132217 0.525435 8.422091
v 19.128653 -0.178720 7.446480
v 18.259087 3.147197 7.446480
v 17.389521 0.696791 7.446480
v 16.519955 6.911489 7.446480
v 15.650391 -0.452406 7.446480
v 14.780826 -0.276396 7.446480
v 13.911261 1.273238 7.446480
v 13.041696 -0.546408 7.446480
v 12.199654 0.151233 7.435759
v 11.340464 0.348981 7.436869
v 10.470016 0.377168 7.467203
v 9.621573 0.424940 7.436673
v 8.694790 0.295849 7.518987
v 7.829987 0.346201 7.463888
v 6.937537 0.307066 7.481589
v 6.173104 0.467223 7.424182
v 5.315794 0.482863 7.421180
v 4.356262 0.368635 7.442501
v 3.497484 0.383682 7.438298
v 2.730515 0.526795 7.398333
v 1.874279 0.545389 7.393140
v 0.898075 0.396636 7.434680
v 0.106117 0.504892 7.404450
v -0.846260 0.389376 7.436708
v -1.621618 0.520788 7.400011
v -2.526992 0.470837 7.413960
v -3.343751 0.544497 7.393389
v -4.328755 0.383471 7.438357
v -5.106005 0.512243 7.402397
v -5.964141 0.528186 7.397944
v -6.856850 0.495902 7.406960
v -7.761585 0.446842 7.420660
v -8.770185 0.256991 7.404009
v -9.784640 0.326368 7.335607
v -10.969610 0.330291 7.175341
v -11.739908 0.506709 7.225834
v -13.220090 0.250243 6.915239
v -13.706903 0.560883 7.109930
v -14.236732 0.671619 7.282738
v -15.032771 0.485425 7.320138
v -15.671098 0.307805 7.437760
v -16.523520 -0.152776 7.446480
v -17.393085 0.009648 7.446480
v -18.262651 -0.313988 7.446480
v -19.132217 0.525435 7.446481
v 19.128653 -0.390769 6.470870
v 18.259087 0.736267 6.470870
v 17.389521 4.579392 6.470870
v 16.519955 6.911489 6.470870
v 15.650391 4.957273 6.470870
v 14.780826 2.227078 6.470870
v 13.911261 -0.270611 6.470870
v 13.041696 -0.230574 6.470870
v 12.152703 -0.599257 6.487764
v 11.281487 -0.602211 6.489199
v 10.350679 -0.711774 6.542454
v 9.349270 -0.947640 6.657101
v 8.565964 -0.793326 6.582095
v 7.789474 -0.626815 6.501158
v 6.846503 -0.758136 6.564990
v 5.940131 -0.823982 6.596995
v 5.125448 -0.725800 6.549272
v 4.329286 -0.594484 6.485444
v 3.476480 -0.564503 6.470870
v 2.606915 -0.564503 6.470870
v 1.737349 -0.564503 6.470870
v 0.867784 -0.564503 6.470870
v -0.001781 -0.564503 6.470870
v -0.871347 -0.564503 6.470870
v -1.740912 -0.564503 6.470870
v -2.610477 -0.564503 6.470870
v -3.480042 -0.564503 6.470870
v -4.349608 -0.564503 6.470870
v -5.219173 -0.564503 6.470870
v -6.088738 -0.564503 6.470870
v -6.958303 -0.564503 6.470870
v -7.827868 -0.564503 6.470870
v -8.744173 0.032547 6.447095
v -9.829793 0.296540 6.337198
v -10.743030 0.479282 6.314984
v -11.435318 0.706995 6.405157
v -13.220090 0.206895 5.939629
v -13.270838 0.678607 6.356127
v -14.139664 0.605397 6.356503
v -14.842813 0.639729 6.441152
v -15.712639 0.313870 6.441020
v -16.523520 0.021688 6.470870
v -17.393085 0.129033 6.470870
v -18.262651 0.163246 6.470870
v -19.132217 0.525435 6.470870
v 19.128653 0.440960 5.495261
v 18.259087 0.538005 5.495261
v 17.389521 2.675713 5.495261
v 16.519955 6.911489 5.495261
v 15.650391 5.237642 5.495261
v 14.780826 0.941135 5.495261
v 13.911261 0.264182 5.495261
v 13.041696 -0.470005 5.495261
v 12.131681 -0.636865 5.530434
v 11.281765 -0.601715 5.513349
v 10.321564 -0.763862 5.592163
v 9.529483 -0.625243 5.524785
v 8.315822 -1.240825 5.823999
v 7.446256 -1.240825 5.823999
v 6.823825 -0.798706 5.609099
v 6.001706 -0.713826 5.567842
v 5.108182 -0.756688 5.588675
v 4.324919 -0.602296 5.513631
v 3.476480 -0.564503 5.495261
v 2.606915 -0.564503 5.495261
v 1.737349 -0.564503 5.495261
v 0.867784 -0.564503 5.495261
v -0.001781 -0.564503 5.495261
v -0.871347 -0.564503 5.495261
v -1.740912 -0.564503 5.495261
v -2.610477 -0.564503 5.495261
v -3.480042 -0.564503 5.495261
v -4.349608 -0.564503 5.495261
v -5.219173 -0.564503 5.495261
v -6.088738 -0.564503 5.495261
v -6.958303 -0.564503 5.495261
v -7.827868 -0.564503 5.495261
v -8.769229 0.016072 5.458741
v -9.690671 0.388021 5.432353
v -10.780312 0.454766 5.320410
v -11.636057 0.574997 5.327440
v -13.220090 0.156650 4.964019
v -13.490416 0.556572 5.268828
v -14.404007 0.629142 5.246433
v -14.939577 0.726407 5.416323
v -15.657721 0.500427 5.493345
v -16.523520 -0.023858 5.495261
v -17.393085 -0.043524 5.495261
v -18.262651 0.353819 5.495261
v -19.132217 0.525435 5.495262
v 19.128653 1.817493 4.519651
v 18.259087 0.782370 4.519651
v 17.389521 0.991304 4.519651
v 16.519955 6.911489 4.519651
v 15.650391 2.072124 4.519651
v 14.780826 -0.523967 4.519651
v 13.911261 0.239461 4.519651
v 13.041696 -0.120675 4.519651
v 12.132812 -0.634844 4.553842
v 11.215117 -0.720945 4.595693
v 10.408720 -0.607941 4.540765
v 9.509335 -0.661289 4.566695
v 8.315822 -1.240825 4.848390
v 7.725076 -0.742021 4.605937
v 6.938444 -0.593655 4.533821
v 5.913907 -0.870897 4.668580
v 5.205379 -0.582806 4.528547
v 4.335715 -0.585378 4.528633
v 3.476480 -0.566899 4.519651
v 2.606915 -0.566899 4.519651
v 1.737349 -0.566899 4.519651
v 0.867784 -0.566899 4.519651
v -0.001781 -0.566899 4.519651
v -0.871347 -0.566899 4.519651
v -1.740912 -0.566899 4.519651
v -2.610477 -0.564503 4.519651
v -3.480042 -0.564503 4.519651
v -4.349608 -0.564503 4.519651
v -5.219173 -0.564503 4.519651
v -6.088738 -0.564503 4.519651
v -6.958303 -0.564503 4.519651
v -7.827868 -0.564503 4.519651
v -8.742516 0.033638 4.496719
v -9.799339 0.316565 4.401469
v -10.937671 0.351293 4.264758
v -11.936832 0.377219 4.198838
v -13.220090 0.268559 3.988410
v -13.699238 0.549665 4.186999
v -14.038555 0.832381 4.456713
v -14.786034 0.792979 4.518815
v -15.658213 0.393095 4.517484
v -16.523520 -0.517352 4.519651
v -17.393085 -0.322702 4.519651
v -18.262651 0.224279 4.519651
v -19.132217 0.525435 4.519652
v 19.128653 1.838425 3.544041
v 18.259087 1.971244 3.544041
v 17.389521 1.181958 3.544041
v 16.519955 6.911489 3.544041
v 15.650391 0.687746 3.544041
v 14.780826 1.726103 3.544041
v 13.911261 1.547476 3.544041
v 13.041696 0.102562 3.544041
v 12.150130 -0.603862 3.563172
v 11.260382 -0.639969 3.580723
v 10.415462 -0.595879 3.559292
v 9.371178 -0.908449 3.711222
v 8.315822 -1.240825 3.872780
v 7.702707 -0.782038 3.649778
v 6.805278 -0.831887 3.674008
v 5.962444 -0.784102 3.650764
v 5.204135 -0.963143 3.554019
v 4.346045 -1.271831 3.544041
v 3.476480 -1.271831 3.544041
v 2.606915 -1.271831 3.544041
v 1.737349 -1.271831 3.544041
v 0.867784 -1.271831 3.544041
v -0.001781 -1.271831 3.544041
v -0.871347 -1.271831 3.544041
v -1.740912 -1.271831 3.544041
v -2.610477 -0.942616 3.544041
v -3.480042 -0.564539 3.544041
v -4.349608 -0.564503 3.544041
v -5.219173 -0.564503 3.544041
v -6.088738 -0.564503 3.544041
v -6.958303 -0.564503 3.544041
v -7.827868 -0.564503 3.544041
v -8.782508 0.007340 3.500767
v -9.754384 0.346126 3.448726
v -10.525187 0.622527 3.498961
v -11.846670 0.436506 3.269090
v -13.220090 0.270678 3.012800
v -13.784139 0.448383 3.168203
v -14.385759 0.623616 3.304495
v -15.069237 0.357061 3.399151
v -15.679657 0.301737 3.530967
v -16.523520 -0.093164 3.544041
v -17.393085 0.073604 3.544041
v -18.262651 -0.477360 3.544042
v -19.132217 0.525435 3.544042
v 19.128653 -0.416706 2.568431
v 18.259087 0.947051 2.568431
v 17.389521 1.180760 2.568431
v 16.519955 6.911489 2.568431
v 15.650391 4.522482 2.568431
v 14.780826 2.850533 2.568431
v 13.911261 0.731056 2.568431
v 13.041696 -0.141268 2.568431
v 12.160874 -0.584641 2.578220
v 11.260955 -0.638944 2.604615
v 10.294492 -0.812292 2.688874
v 9.444155 -0.777893 2.672153
v 8.315822 -1.240825 2.897170
v 7.820972 -0.570464 2.571329
v 6.937433 -0.595465 2.583481
v 6.014253 -0.754979 2.630102
v 5.198462 -1.410298 2.583343
v 4.346045 -1.929240 2.568431
v 3.476480 -1.929240 2.568431
v 2.606915 -1.929240 2.568431
v 1.737349 -1.929240 2.568431
v 0.867784 -1.929240 2.568431
v -0.001781 -1.929240 2.568431
v -0.871347 -1.929240 2.568431
v -1.740912 -1.929240 2.568431
v -2.610477 -1.379621 2.568431
v -3.480042 -0.628102 2.568431
v -4.349608 -0.566899 2.568431
v -5.219173 -0.566899 2.568431
v -6.088738 -0.566899 2.568431
v -6.958303 -0.566899 2.568431
v -7.827868 -0.564503 2.568431
v -8.786448 0.004749 2.523153
v -9.587270 0.456014 2.558120
v -10.620078 0.560130 2.475085
v -11.948091 0.369816 2.241892
v -13.220090 0.261145 2.037190
v -13.544852 0.493104 2.314308
v -14.038577 0.833789 2.505483
v -14.871149 0.692957 2.524300
v -15.834315 0.256067 2.476689
v -16.615160 0.529560 2.521817
v -17.393085 -0.321908 2.568431
v -18.262651 0.107575 2.568432
v -19.132217 0.525435 2.568432
v 19.128653 0.220304 1.592822
v 18.259087 1.777124 1.592822
v 17.389521 2.484300 1.592822
v 16.519955 6.911489 1.592822
v 15.650391 1.255129 1.592822
v 14.780826 2.283194 1.592822
v 13.911261 0.373636 1.592822
v 13.041696 -0.133460 1.592822
v 12.136785 -0.627737 1.623558
v 11.235019 -0.685342 1.651558
v 10.363122 -0.689514 1.653585
v 9.370741 -0.909229 1.760382
v 8.315822 -1.240825 1.921560
v 7.704132 -0.779490 1.697320
v 6.867323 -0.720890 1.668836
v 6.081414 -0.571267 1.596092
v 5.181608 -1.003444 1.622388
v 4.346045 -1.271831 1.592822
v 3.476480 -1.271831 1.592822
v 2.606915 -1.271831 1.592822
v 1.737349 -1.271831 1.592822
v 0.867784 -1.271831 1.592822
v -0.001781 -1.271831 1.592822
v -0.871347 -1.379621 1.592822
v -1.740912 -1.929240 1.592822
v -2.610477 -1.379621 1.592822
v -3.480042 -1.271831 1.592822
v -4.349608 -1.271831 1.592822
v -5.219173 -1.271831 1.592822
v -6.088738 -1.271831 1.592822
v -6.958303 -1.271831 1.592822
v -7.827868 -0.942616 1.592822
v -8.751405 0.027756 1.565368
v -9.643686 0.418916 1.553813
v -10.974553 0.327041 1.319169
v -11.739887 0.506722 1.372186
v -13.220090 0.267565 1.061580
v -13.695959 0.454021 1.261837
v -14.126865 0.675656 1.484964
v -14.962500 0.572805 1.502224
v -15.743320 0.879703 1.547365
v -16.761921 0.409280 1.471557
v -17.515600 0.269199 1.530504
v -18.354622 0.409569 1.546041
v -19.154305 0.510911 1.581588
v 19.128653 0.392464 0.617212
v 18.259087 1.923275 0.617212
v 17.389521 4.895520 0.617212
v 16.519955 6.911489 0.617212
v 15.650391 2.664325 0.617212
v 14.780826 3.027340 0.617212
v 13.911261 1.637285 0.617212
v 13.041696 -0.540019 0.617212
v 12.156030 -0.593307 0.631212
v 11.278087 -0.608296 0.638498
v 10.246614 -0.897945 0.779287
v 9.492878 -0.690729 0.678566
v 8.315822 -1.240825 0.945951
v 7.546580 -1.061347 0.858712
v 6.760854 -0.911361 0.785808
v 6.037063 -0.650574 0.659048
v 5.210924 -0.572886 0.621287
v 4.346045 -0.566899 0.617212
v 3.476480 -0.566899 0.617212
v 2.606915 -0.566899 0.617212
v 1.737349 -0.566899 0.617212
v 0.867784 -0.566899 0.617212
v -0.001781 -0.628102 0.617212
v -0.871347 -1.379621 0.617212
v -1.740912 -1.929240 0.617212
v -2.610477 -1.929240 0.617212
v -3.480042 -1.929240 0.617212
v -4.349608 -1.929240 0.617212
v -5.219173 -1.929240 0.617212
v -6.088738 -1.929240 0.617212
v -6.958303 -1.929240 0.617212
v -7.827868 -1.379621 0.617212
v -8.737532 -0.027095 0.596815
v -9.661530 0.407242 0.569054
v -10.494278 0.642851 0.587854
v -11.571959 0.617294 0.481814
v -13.220090 0.173513 0.085971
v -13.767008 0.434419 0.250088
v -14.044139 0.831934 0.551434
v -15.308754 0.479260 0.350489
v -16.154682 0.757581 0.362513
v -16.681347 0.927873 0.536932
v -17.727146 0.977412 0.447290
v -18.457832 1.010581 0.517932
v -19.337854 0.124862 0.512614
v 19.128653 0.259213 -0.358398
v 18.259087 3.562031 -0.358398
v 17.389521 4.685359 -0.358398
v 16.519955 6.911489 -0.358398
v 15.650391 -0.031063 -0.358398
v 14.780826 0.811841 -0.358398
v 13.911261 1.515310 -0.358398
v 13.041696 -0.068681 -0.358398
v 12.146655 -0.610079 -0.336245
v 11.189816 -0.766208 -0.260355
v 10.236508 -0.916024 -0.187535
v 9.367713 -0.914647 -0.188204
v 8.315822 -1.240825 -0.029659
v 7.677462 -0.827201 -0.230709
v 6.792977 -0.853892 -0.217735
v 6.083436 -0.567612 -0.356887
v 5.195527 -0.600431 -0.340935
v 4.346045 -0.564503 -0.358398
v 3.476480 -0.564503 -0.358398
v 2.606915 -0.564503 -0.358398
v 1.737349 -0.564503 -0.358398
v 0.867784 -0.564503 -0.358398
v -0.001781 -0.564539 -0.358398
v -0.871347 -0.942616 -0.358398
v -1.740912 -1.271831 -0.358398
v -2.610477 -1.271831 -0.358398
v -3.480042 -1.271831 -0.358398
v -4.350518 -1.272199 -0.359142
v -5.220017 -1.272172 -0.359088
v -6.089110 -1.379771 -0.358702
v -6.958303 -1.929240 -0.358398
v -7.835052 -1.382522 -0.364273
v -8.742776 -0.027622 -0.385021
v -9.873131 0.272593 -0.519659
v -10.555298 0.609325 -0.426830
v -11.435817 0.715878 -0.435584
v -13.226379 0.150306 -0.894782
v -14.106976 0.296235 -0.903804
v -14.959220 0.361793 -0.889639
v -15.828786 0.348603 -0.889638
v -16.400431 0.625561 -0.738098
v -16.915567 1.034365 -0.557816
v -17.885138 0.735309 -0.608684
v -18.622663 0.582085 -0.541520
v -19.521255 0.530178 -0.556284
v 19.128653 1.129885 -1.334008
v 18.259087 3.052539 -1.334008
v 17.389521 0.354290 -1.334008
v 16.519955 6.911489 -1.334008
v 15.650391 1.479786 -1.334008
v 14.780826 1.581241 -1.334008
v 13.911261 -0.094926 -1.334008
v 13.041696 0.037509 -1.334008
v 12.136960 -0.627422 -1.303424
v 11.217184 -0.717249 -1.259763
v 10.357528 -0.699523 -1.268378
v 9.412739 -0.834096 -1.202967
v 8.315822 -1.240825 -1.005269
v 7.599045 -0.967487 -1.138129
v 6.781357 -0.874681 -1.183240
v 6.064760 -0.601024 -1.316256
v 5.202897 -0.587246 -1.322953
v 4.346045 -0.564503 -1.334007
v 3.476480 -0.564503 -1.334007
v 2.606915 -0.564503 -1.334007
v 1.737349 -0.564503 -1.334007
v 0.867784 -0.564503 -1.334007
v -0.001781 -0.564503 -1.334007
v -0.876357 -0.566526 -1.338105
v -1.756964 -0.573381 -1.347135
v -2.644125 -0.641688 -1.361525
v -3.512531 -1.392739 -1.360576
v -4.352183 -1.930279 -1.336113
v -5.247165 -1.940542 -1.356899
v -6.117686 -1.940928 -1.357681
v -6.996674 -1.944732 -1.365386
v -7.895766 -1.407036 -1.389534
v -8.753459 -0.132744 -1.375183
v -9.671007 0.355559 -1.405251
v -10.897333 0.337913 -1.580323
v -11.938087 0.343049 -1.670249
v -12.824049 0.374609 -1.685997
v -13.251580 0.669352 -1.444207
v -14.670086 0.394176 -1.718679
v -15.828786 0.431252 -1.865248
v -16.698353 0.371034 -1.865248
v -17.567917 0.728221 -1.865248
v -18.437483 0.258573 -1.865248
v -18.516279 1.291316 -1.463017
v -19.208147 1.238219 -1.372629
v 19.128653 1.271212 -2.309618
v 18.259087 0.418439 -2.309618
v 17.389521 -0.505247 -2.309618
v 16.519955 6.911489 -2.309618
v 15.650391 0.839580 -2.309618
v 14.780826 0.271826 -2.309618
v 13.911261 -0.283399 -2.309617
v 13.041696 0.069483 -2.309617
v 12.159191 -0.587651 -2.298366
v 11.292178 -0.583085 -2.300585
v 10.405878 -0.613025 -2.286032
v 9.368381 -0.913453 -2.140003
v 8.315822 -1.240825 -1.980879
v 7.596346 -0.972316 -2.111392
v 6.891963 -0.676808 -2.255029
v 6.076045 -0.580836 -2.301678
v 5.204422 -0.584518 -2.299888
v 4.346045 -0.564503 -2.309617
v 3.476480 -0.564503 -2.309617
v 2.606915 -0.566899 -2.309617
v 1.737349 -0.566899 -2.309617
v 0.863621 -0.568580 -2.313021
v -0.023057 -0.575489 -2.327016
v -0.918572 -0.961683 -2.348238
v -1.747291 -1.274406 -2.314834
v -2.649017 -1.287392 -2.341136
v -3.507437 -1.390682 -2.332021
v -4.360948 -1.933819 -2.318891
v -5.301602 -1.412903 -2.377028
v -6.122978 -1.285656 -2.337618
v -6.999846 -1.288604 -2.343591
v -7.829802 -0.943397 -2.311198
v -8.802731 -0.607055 -2.395730
v -9.656293 0.152215 -2.369115
v -10.630788 0.374760 -2.450765
v -11.564582 0.438929 -2.452652
v -12.647665 0.342409 -2.565138
v -13.096707 0.609333 -2.339547
v -14.053701 0.680366 -2.403415
v -15.146838 0.565171 -2.496105
v -16.123100 0.899877 -2.549177
v -16.762505 1.039022 -2.431178
v -18.437483 0.771575 -2.840858
v -18.950672 0.919836 -2.659584
v -19.584484 1.057384 -2.539666
v 19.128653 -0.379784 -3.285227
v 18.259087 -0.562105 -3.285227
v 17.389521 2.652971 -3.285227
v 16.519955 6.911489 -3.285227
v 15.650391 4.405038 -3.285227
v 14.780826 2.861480 -3.285227
v 13.911261 -0.174775 -3.285227
v 13.041696 0.158620 -3.285227
v 12.151934 -0.600635 -3.267665
v 11.190725 -0.764583 -3.187975
v 10.263027 -0.868581 -3.137424
v 9.324442 -0.992058 -3.077406
v 8.315822 -1.240825 -2.956489
v 7.573422 -1.013327 -3.067068
v 6.775165 -0.885759 -3.129075
v 6.072464 -0.587242 -3.274175
v 5.182726 -0.623331 -3.256633
v 4.346045 -0.564539 -3.285227
v 3.476480 -0.942616 -3.285227
v 2.606915 -1.271831 -3.285227
v 1.728239 -1.275509 -3.292677
v 0.857941 -1.275805 -3.293277
v -0.027784 -1.282330 -3.306492
v -0.939032 -1.406950 -3.340581
v -1.787501 -1.948051 -3.323328
v -2.706835 -1.968146 -3.364030
v -3.618002 -1.984944 -3.398052
v -4.451644 -1.970439 -3.368673
v -5.221690 -1.380637 -3.287285
v -6.207096 -0.675891 -3.382021
v -7.011672 -0.588448 -3.328873
v -7.841710 -0.570092 -3.296547
v -8.857826 -0.629265 -3.416399
v -9.626698 -0.588609 -3.334051
v -10.519586 0.061816 -3.331803
v -11.533338 0.164625 -3.417470
v -12.506527 0.166478 -3.489613
v -13.271193 0.326818 -3.409503
v -14.108835 0.524185 -3.410181
v -15.073666 0.688397 -3.436806
v -15.941949 0.736951 -3.436610
v -17.045521 0.653501 -3.550747
v -18.437483 0.904565 -3.816468
v -18.323009 0.909211 -3.315928
v -19.478266 0.618473 -3.461246
v 19.128653 0.651312 -4.260837
v 18.259087 0.073768 -4.260837
v 17.389521 5.087966 -4.260837
v 16.519955 6.911489 -4.260837
v 15.650391 2.318296 -4.260837
v 14.780826 -0.560136 -4.260837
v 13.911261 0.427718 -4.260837
v 13.041696 -0.140744 -4.260837
v 12.150688 -0.602863 -4.242192
v 11.291459 -0.584372 -4.251179
v 10.375688 -0.667034 -4.211000
v 9.543619 -0.599954 -4.243605
v 8.315822 -1.240825 -3.932098
v 7.671626 -0.837642 -4.128073
v 6.832172 -0.783773 -4.154257
v 6.069164 -0.593146 -4.246915
v 5.191898 -0.606923 -4.240218
v 4.346045 -0.628102 -4.260837
v 3.476480 -1.379621 -4.260837
v 2.600203 -1.931949 -4.266325
v 1.709997 -1.940284 -4.283206
v 0.830479 -1.944302 -4.291346
v -0.046953 -1.947479 -4.297779
v -0.873830 -1.930242 -4.262868
v -1.841915 -1.970022 -4.343439
v -2.775547 -1.446271 -4.395833
v -3.541132 -1.296497 -4.310797
v -4.363806 -1.277564 -4.272449
v -5.317212 -0.982201 -4.341013
v -6.094429 -0.566836 -4.265491
v -7.136902 -0.636616 -4.406897
v -8.021039 -0.642500 -4.418815
v -8.885726 -0.640530 -4.414825
v -9.722845 -0.627430 -4.388291
v -10.440642 -0.566150 -4.264173
v -11.319439 -0.569878 -4.271723
v -12.365297 -0.641060 -4.415898
v -13.252332 0.003901 -4.397800
v -14.131733 0.423195 -4.378725
v -15.104696 0.649164 -4.453393
v -16.000322 0.817321 -4.437888
v -16.667894 0.842588 -4.337172
v -18.437483 0.403886 -4.792078
v -18.851746 1.097810 -4.560484
v -19.639315 0.879734 -4.518775
v 19.128653 1.382460 -5.236447
v 18.259087 2.452130 -5.236447
v 17.389521 0.085600 -5.236447
v 16.519955 6.911489 -5.236447
v 15.650391 5.013134 -5.236447
v 14.780826 2.665520 -5.236447
v 13.911261 1.326353 -5.236447
v 13.041696 -0.208360 -5.236447
v 12.138202 -0.625201 -5.206944
v 11.287121 -0.592133 -5.223017
v 10.315084 -0.775455 -5.133910
v 9.432703 -0.798381 -5.122766
v 8.315822 -1.240825 -4.907708
v 7.672538 -0.836010 -5.104476
v 6.899712 -0.662946 -5.188597
v 6.021641 -0.678163 -5.181201
v 5.188061 -0.613787 -5.212492
v 4.346045 -0.628102 -5.236447
v 3.471014 -1.381828 -5.240916
v 2.605134 -1.929959 -5.237903
v 1.726772 -1.383892 -5.245097
v 0.790944 -1.302857 -5.299288
v -0.104867 -1.313454 -5.320752
v -0.993526 -1.321163 -5.336366
v -1.776222 -1.286088 -5.265323
v -2.702126 -0.979621 -5.311399
v -3.571942 -0.604006 -5.311604
v -4.482571 -0.620586 -5.345185
v -5.241495 -0.573516 -5.254702
v -6.267232 -0.636573 -5.382421
v -7.159367 -0.645687 -5.400879
v -8.043574 -0.651599 -5.412854
v -8.736670 -0.580346 -5.268536
v -9.703863 -0.619765 -5.348377
v -10.609439 -0.634305 -5.377827
v -11.596589 -0.681783 -5.473989
v -12.341816 -0.631579 -5.372304
v -13.166304 0.014407 -5.335440
v -13.951977 0.471767 -5.263375
v -15.061249 0.638629 -5.396881
v -15.987154 0.750626 -5.422596
v -17.050030 0.815217 -5.506103
v -17.935453 0.560960 -5.512326
v -18.360477 0.939388 -5.286206
v -19.342396 0.537581 -5.343355
v 19.128653 0.977479 -6.212057
v 18.259087 2.989579 -6.212057
v 17.389521 3.956100 -6.212057
v 16.519955 6.911489 -6.212057
v 15.650391 -0.404056 -6.212057
v 14.780826 0.744738 -6.212057
v 13.911261 1.232162 -6.212057
v 13.041696 0.198378 -6.212057
v 12.138348 -0.624941 -6.182680
v 11.241944 -0.672952 -6.159343
v 10.363107 -0.689542 -6.151279
v 9.548341 -0.591508 -6.198930
v 8.315822 -1.240825 -5.883318
v 7.566541 -1.025636 -5.987915
v 6.803018 -0.835930 -6.080124
v 6.028111 -0.666588 -6.162436
v 5.186019 -0.617439 -6.186326
v 4.346045 -0.628102 -6.212057
v 3.476187 -1.379739 -6.212296
v 2.565128 -1.946112 -6.246230
v 1.650867 -1.414540 -6.282783
v 0.731346 -0.683191 -6.323637
v -0.170735 -0.635118 -6.350229
v -0.891505 -0.575038 -6.228542
v -1.868035 -0.618228 -6.316019
v -2.795592 -0.639247 -6.363446
v -3.756481 -0.676121 -6.438131
v -4.658772 -0.689335 -6.464895
v -5.474981 -0.667791 -6.421259
v -6.099822 -0.568978 -6.221120
v -6.961361 -0.565738 -6.214558
v -8.103196 -0.675673 -6.437223
v -8.932158 -0.659279 -6.404018
v -9.675668 -0.608381 -6.300929
v -10.799388 -0.711002 -6.508780
v -11.589303 -0.678841 -6.443640
v -12.363793 -0.640453 -6.365888
v -13.237226 -0.010487 -6.369051
v -14.066397 0.452908 -6.336016
v -14.857512 0.819020 -6.258457
v -15.976017 1.002100 -6.387571
v -16.660463 1.193323 -6.289855
v -17.893616 0.991022 -6.466655
v -18.356379 0.865145 -6.259731
v -19.390917 0.650187 -6.343645
v 19.128653 -0.032572 -7.187666
v 18.259087 1.484711 -7.187666
v 17.389521 1.460891 -7.187666
v 16.519955 6.911489 -7.187666
v 15.650391 3.148195 -7.187666
v 14.780826 3.085487 -7.187666
v 13.911261 0.335574 -7.187666
v 13.041696 -0.174138 -7.187666
v 12.133663 -0.633320 -7.154217
v 11.251123 -0.656531 -7.142934
v 10.353079 -0.707482 -7.118169
v 9.473977 -0.724542 -7.109877
v 8.315822 -1.240825 -6.858928
v 7.593976 -0.976555 -6.987381
v 6.806146 -0.830334 -7.058455
v 5.986031 -0.741869 -7.101454
v 5.185175 -0.618949 -7.161202
v 4.346045 -0.628102 -7.187666
v 3.474085 -1.380588 -7.189625
v 2.576936 -1.941344 -7.212183
v 1.688341 -1.399409 -7.227746
v 0.841007 -0.638913 -7.209565
v -0.087463 -0.599099 -7.257738
v -1.123242 -0.666211 -7.393669
v -1.903310 -0.630075 -7.320477
v -2.881638 -0.673990 -7.409425
v -3.526645 -0.583320 -7.225779
v -4.712434 -0.711002 -7.484389
v -5.581999 -0.711002 -7.484389
v -6.451564 -0.711002 -7.484389
v -7.321129 -0.711002 -7.484389
v -8.190693 -0.711002 -7.484389
v -9.060258 -0.711002 -7.484389
v -9.928654 -0.709496 -7.484691
v -10.791492 -0.700839 -7.486429
v -11.359756 -0.580491 -7.238426
v -12.311996 -0.612304 -7.307950
v -13.128324 -0.027166 -7.307726
v -13.906775 0.445902 -7.217248
v -14.846423 0.799052 -7.247024
v -15.761757 0.811651 -7.304677
v -16.581728 1.201802 -7.254321
v -17.571270 1.184019 -7.283819
v -18.312206 0.719308 -7.248365
v -19.172520 1.328829 -7.215996
v 19.128653 0.019161 -8.163277
v 18.259087 1.599088 -8.163277
v 17.389521 -0.176133 -8.163277
v 16.519955 6.911489 -8.163277
v 15.650391 0.871080 -8.163277
v 14.780826 -0.457638 -8.163277
v 13.911261 1.530819 -8.163277
v 13.041696 0.127683 -8.163277
v 12.165214 -0.576878 -8.157261
v 11.248746 -0.667077 -8.108812
v 10.265881 -0.873567 -8.005665
v 9.325723 -0.993483 -7.952041
v 8.320567 -1.234716 -7.835763
v 7.638788 -0.906367 -7.989802
v 6.893888 -0.701577 -8.075996
v 6.098762 -0.564990 -8.144888
v 5.198518 -0.606678 -8.134285
v 4.369129 -0.598388 -8.169239
v 3.497079 -1.344005 -8.179684
v 2.562554 -1.944614 -8.202644
v 1.788156 -1.313302 -8.177523
v 0.861907 -0.584432 -8.224169
v -0.104758 -0.552258 -8.313057
v -0.859906 -0.519659 -8.202921
v -1.779048 -0.569480 -8.207159
v -2.932748 -0.658801 -8.470474
v -3.819848 -0.681371 -8.465944
v -4.651915 -0.633104 -8.475630
v -5.255362 -0.574904 -8.198000
v -6.327909 -0.655229 -8.365992
v -7.062792 -0.567574 -8.296379
v -7.932061 -0.576835 -8.284712
v -8.885283 -0.595237 -8.371859
v -9.796672 -0.627657 -8.387142
v -10.535039 -0.560099 -8.297611
v -11.292109 -0.474112 -8.255026
v -12.285043 -0.503684 -8.380573
v -13.035985 -0.450539 -8.287878
v -13.942618 0.393821 -8.313158
v -14.828412 0.625622 -8.233028
v -15.616728 0.944700 -8.183157
v -16.530157 0.879884 -8.178705
v -17.314743 0.785598 -8.183512
v -18.214066 1.138636 -8.175825
v -19.095417 0.864603 -8.172781
v 19.128653 0.237721 -9.138885
v 18.259087 2.567503 -9.138885
v 17.389521 1.150005 -9.138885
v 16.519955 6.911489 -9.138885
v 15.650391 4.650832 -9.138885
v 14.780826 2.911293 -9.138885
v 13.911261 1.855973 -9.138885
v 13.041696 -0.463082 -9.138885
v 12.176057 -0.568912 -9.128374
v 11.347805 -0.516660 -9.137917
v 10.279734 -0.845724 -8.997047
v 9.463423 -0.773441 -9.015352
v 8.406607 -1.123969 -8.833597
v 7.686125 -0.839890 -8.984394
v 6.894528 -0.707028 -9.044127
v 6.049603 -0.651969 -9.078926
v 5.225285 -0.561519 -9.129850
v 4.473464 -0.400528 -9.171797
v 3.478560 -0.911242 -9.174379
v 2.608048 -1.231559 -9.186459
v 1.744297 -0.898685 -9.183300
v 0.810636 -0.492005 -9.302086
v -0.010983 -0.454258 -9.285231
v -0.877736 -0.510379 -9.213184
v -1.899768 -0.533252 -9.385002
v -2.840561 -0.609602 -9.385281
v -3.640430 -0.559502 -9.355032
v -4.401846 -0.518438 -9.263414
v -5.153751 -0.446902 -9.196459
v -6.090084 -0.482701 -9.240294
v -7.021149 -0.560797 -9.225706
v -7.777815 -0.494180 -9.158997
v -8.590884 -0.405314 -9.193258
v -9.546102 -0.501041 -9.188824
v -10.414961 -0.486879 -9.205151
v -11.256463 -0.393079 -9.282661
v -12.169899 -0.419869 -9.307484
v -12.975665 -0.368161 -9.286589
v -13.966717 -0.435222 -9.255720
v -14.695067 0.491057 -9.212448
v -15.625098 0.729664 -9.196379
v -16.418280 0.504255 -9.175758
v -17.243185 0.940761 -9.177605
v -18.097790 0.335692 -9.181467
v -19.029837 -0.222464 -9.165329
v 19.128653 1.111421 -10.114496
v 18.259087 2.957383 -10.114496
v 17.389521 1.077066 -10.114496
v 16.519955 6.911489 -10.114496
v 15.650391 3.114311 -10.114496
v 14.780826 2.557123 -10.114496
v 13.911261 1.736043 -10.114496
v 13.064442 0.015707 -10.120371
v 12.184987 -0.561980 -10.100731
v 11.194494 -0.765637 -10.011024
v 10.370977 -0.691813 -10.040642
v 9.446878 -0.821072 -9.954611
v 8.333017 -1.218692 -9.790199
v 7.711189 -0.830600 -9.938496
v 6.927072 -0.655095 -10.040377
v 6.027314 -0.688524 -10.039200
v 5.372860 -0.368718 -10.147045
v 4.420789 -0.468294 -10.133801
v 3.581497 -0.414595 -10.159567
v 2.739860 -0.355849 -10.197472
v 1.711470 -0.512248 -10.212042
v 0.766919 -0.565652 -10.245195
v 0.003427 -0.486147 -10.203123
v -0.780781 -0.401830 -10.194044
v -1.845777 -0.602145 -10.205980
v -2.642395 -0.473399 -10.267275
v -3.379894 -0.366375 -10.224684
v -4.308928 -0.372663 -10.294907
v -5.241237 -0.473377 -10.254396
v -6.227687 -0.573735 -10.285227
v -6.809018 -0.333671 -10.200169
v -7.829369 -0.416604 -10.296621
v -8.661569 -0.427247 -10.234722
v -9.668820 -0.534910 -10.281181
v -10.599043 -0.603800 -10.279419
v -11.140294 -0.271681 -10.254009
v -12.077200 -0.408247 -10.175844
v -12.870667 -0.332930 -10.167931
v -13.786073 -0.263280 -10.176672
v -14.567127 -0.114192 -10.187014
v -15.599768 -0.309355 -10.156963
v -16.365484 0.132360 -10.160971
v -17.158751 -0.158287 -10.175022
v -18.162140 0.094389 -10.140457
v -19.069817 -0.199798 -10.130613
v 19.128653 0.867859 -11.090105
v 18.259087 -0.370730 -11.090105
v 17.389521 1.639333 -11.090105
v 16.519955 6.911489 -11.090105
v 15.650391 0.128329 -11.090105
v 14.780826 1.277656 -11.090105
v 13.911261 1.013376 -11.090105
v 13.065438 -0.064466 -11.096237
v 12.234796 -0.485713 -11.104012
v 11.353060 -0.507395 -11.093542
v 10.378760 -0.676113 -11.025185
v 9.604317 -0.540535 -11.065762
v 8.698962 -0.617734 -11.018595
v 7.860534 -0.604592 -10.993824
v 7.075693 -0.456932 -11.062735
v 6.304677 -0.294907 -11.131037
v 5.363898 -0.374298 -11.127594
v 4.398061 -0.497549 -11.103540
v 3.744806 -0.219123 -11.159410
v 2.818655 -0.262941 -11.180141
v 1.776934 -0.509604 -11.105137
v 1.031776 -0.333545 -11.156670
v 0.218146 -0.256533 -11.177225
v -0.736515 -0.347914 -11.177357
v -1.579871 -0.339678 -11.153065
v -2.470065 -0.351868 -11.165234
v -3.482693 -0.431636 -11.255428
v -4.192061 -0.330805 -11.168449
v -5.331375 -0.547182 -11.258150
v -6.143913 -0.488559 -11.254875
v -7.021784 -0.515690 -11.232704
v -7.568248 -0.229368 -11.158293
v -8.526666 0.008178 -11.135355
v -9.331490 0.397080 -11.151031
v -10.495015 -0.231704 -11.143345
v -11.310032 -0.542323 -11.122196
v -12.020922 -0.245019 -11.276587
v -13.002661 -0.466040 -11.151203
v -13.905416 -0.343027 -11.183487
v -14.697288 -0.445286 -11.117340
v -15.529519 -0.167087 -11.140202
v -16.384899 -0.343642 -11.125910
v -17.271597 0.099526 -11.121485
v -18.058249 0.050833 -11.142900
v -18.956537 -0.183705 -11.135481
v 19.128653 1.180722 -12.065716
v 18.259087 3.297206 -12.065716
v 17.389521 1.311698 -12.065716
v 16.519955 6.911489 -12.065716
v 15.650391 2.013106 -12.065716
v 14.780826 2.844350 -12.065716
v 13.921873 0.801262 -12.068457
v 13.084277 -0.482764 -12.076714
v 12.315719 -0.379681 -12.102802
v 11.410195 -0.445624 -12.069569
v 10.452015 -0.561568 -12.044390
v 9.562881 -0.614485 -12.005558
v 8.879974 -0.388901 -12.035891
v 8.032879 -0.354252 -12.048670
v 7.026948 -0.498870 -12.051098
v 6.079573 -0.596456 -12.034128
v 5.442977 -0.271843 -12.124441
v 4.706855 -0.100080 -12.158909
v 3.542684 -0.479287 -12.082815
v 2.905784 -0.176157 -12.147358
v 1.862657 -0.380699 -12.125502
v 1.185974 -0.142535 -12.163012
v 0.277583 -0.164481 -12.187126
v -0.888337 -0.537243 -12.121174
v -1.532586 -0.201721 -12.234798
v -2.493229 -0.370244 -12.148794
v -3.343959 -0.355821 -12.141697
v -4.403554 -0.550025 -12.154003
v -5.035884 -0.257291 -12.199896
v -6.005876 -0.360968 -12.205128
v -6.949978 -0.468621 -12.171610
v -7.709286 -0.277673 -12.187702
v -8.422630 0.572407 -12.166536
v -9.399021 0.949885 -12.143099
v -10.521956 0.163179 -12.139776
v -11.088252 -0.169998 -12.188826
v -11.756095 -0.008208 -12.193829
v -12.669502 -0.025910 -12.229683
v -13.495039 -0.003026 -12.193678
v -14.362724 0.039669 -12.192139
v -15.216015 0.129651 -12.178829
v -16.085581 0.084883 -12.178829
v -16.955147 0.635403 -12.178829
v -18.066906 0.066603 -12.116274
v -18.930040 -0.046816 -12.117933
v 19.128653 0.355672 -13.041325
v 18.259087 -0.011492 -13.041325
v 17.389521 4.710355 -13.041325
v 16.519955 6.911489 -13.041325
v 15.650391 2.440925 -13.041325
v 14.780826 2.290901 -13.041325
v 13.919661 0.383972 -13.043495
v 13.124301 0.455767 -13.062660
v 12.271635 -0.436424 -13.067026
v 11.499549 -0.310952 -13.092203
v 10.578748 -0.384916 -13.069208
v 9.633018 -0.487731 -13.043715
v 9.084608 -0.085244 -13.113396
v 8.261389 -0.002334 -13.153696
v 7.360340 -0.058656 -13.126318
v 6.523114 -0.000803 -13.154440
v 5.653549 -0.000803 -13.154440
v 4.783984 -0.000803 -13.154440
v 3.914419 -0.000803 -13.154440
v 3.044854 -0.000803 -13.154440
v 2.175215 -0.000832 -13.154499
v 1.275740 -0.012909 -13.178961
v 0.421091 -0.006886 -13.166761
v -0.441343 -0.004007 -13.160929
v -1.319616 -0.007523 -13.168051
v -2.228858 -0.023543 -13.200499
v -3.049701 -0.003870 -13.160652
v -3.947177 -0.015140 -13.183479
v -4.826808 -0.019204 -13.191711
v -5.721295 -0.029267 -13.212091
v -6.533394 -0.006063 -13.165094
v -7.410299 -0.008994 -13.171099
v -8.285225 0.340747 -13.175482
v -9.169888 0.641077 -13.187830
v -9.999710 0.350698 -13.155327
v -10.874330 -0.003249 -13.159462
v -11.743503 -0.003124 -13.159142
v -12.806192 -0.254614 -13.105719
v -13.603968 -0.085870 -13.124825
v -14.568913 -0.079018 -13.096979
v -15.321239 0.215590 -13.127262
v -16.288761 -0.171884 -13.101961
v -17.061216 0.397807 -13.127043
v -17.952141 -0.138918 -13.121527
v -18.929775 -0.048138 -13.093615
v 19.128653 0.075218 -14.016935
v 18.259087 0.559821 -14.016935
v 17.389521 0.091325 -14.016935
v 16.519955 6.911489 -14.016935
v 15.650391 -0.264078 -14.016935
v 14.780826 2.734800 -14.016935
v 13.911261 2.316911 -14.016935
v 13.043255 -0.222991 -14.017338
v 12.293271 0.626103 -14.048223
v 11.332121 -0.526460 -14.024569
v 10.613850 -0.331720 -14.063646
v 9.653193 -0.448971 -14.040117
v 9.053312 -0.101842 -14.109774
v 7.991782 -0.348931 -14.060192
v 7.135510 -0.331821 -14.063625
v 6.410367 -0.145927 -14.100927
v 5.234879 -0.539701 -14.021912
v 4.615778 -0.217311 -14.086603
v 3.515859 -0.513815 -14.027105
v 2.866024 -0.230986 -14.083860
v 1.983462 -0.247715 -14.080503
v 1.180761 -0.161649 -14.097773
v 0.020345 -0.522727 -14.038845
v -0.553374 -0.145578 -14.110807
v -1.572019 -0.313488 -14.101515
v -2.563256 -0.488510 -14.047663
v -3.416045 -0.464916 -14.054430
v -4.350552 -0.542093 -14.045469
v -4.898510 -0.144086 -14.109100
v -5.813336 -0.194472 -14.107000
v -6.823612 -0.381315 -14.063684
v -7.722957 -0.428204 -14.045568
v -8.435877 -0.227838 -14.084492
v -9.420914 -0.374108 -14.054825
v -10.116115 -0.152033 -14.099703
v -11.043689 -0.226701 -14.084719
v -11.960777 -0.287872 -14.072445
v -12.715672 -0.140270 -14.102064
v -13.631778 -0.132798 -14.090042
v -14.620232 -0.298770 -14.059334
v -15.584170 -0.361435 -14.034960
v -16.308390 0.192528 -14.072500
v -17.173258 -0.164129 -14.073713
v -18.184826 0.155706 -14.037037
v -18.941734 0.066948 -14.066133
v 19.128653 1.378528 -14.992546
v 18.259087 3.112977 -14.992546
v 17.389521 4.626879 -14.992546
v 16.519955 6.911489 -14.992546
v 15.650391 0.622421 -14.992546
v 14.780826 1.648409 -14.992546
v 13.911261 1.877961 -14.992546
v 13.069073 1.046650 -14.999617
v 12.209548 1.203709 -15.002209
v 11.419771 0.748639 -15.022818
v 10.537570 0.868712 -15.019554
v 9.660807 0.029621 -15.017694
v 8.794228 0.924697 -15.018467
v 7.888545 0.656825 -15.009136
v 7.163755 0.946421 -15.046532
v 6.134784 0.448246 -15.005360
v 5.256856 -0.447628 -15.003199
v 4.380800 0.176215 -15.001522
v 3.732422 1.065719 -15.058651
v 2.614543 -0.275944 -14.994514
v 1.836839 0.343017 -15.018242
v 0.992858 0.683003 -15.024849
v 0.122942 0.879967 -15.024759
v -0.684720 0.855904 -15.040749
v -1.518072 1.097964 -15.050102
v -2.521780 0.846158 -15.015453
v -3.274426 1.255833 -15.045654
v -4.344367 0.013693 -14.996889
v -5.201185 0.078705 -14.997219
v -5.933560 -0.352116 -15.032627
v -6.926692 0.829311 -15.000710
v -7.751852 0.752384 -15.012180
v -8.637652 1.121712 -15.007986
v -9.326909 -0.040723 -15.054558
v -10.388725 0.723220 -15.004902
v -11.279406 0.001260 -14.999447
v -11.932833 0.186236 -15.055273
v -12.991089 0.312204 -15.006536
v -13.791080 0.526441 -15.024506
v -14.606632 -0.078147 -15.038458
v -15.600719 0.771296 -15.006294
v -16.520054 -0.287427 -14.993441
v -17.267263 0.325201 -15.025043
v -18.122808 -0.024927 -15.028664
v -19.028217 0.134556 -15.019407
v 19.128653 0.200215 -15.968155
v 18.259087 3.408458 -15.968155
v 17.389521 -0.254078 -15.968155
v 16.519955 6.911489 -15.968155
v 15.650391 6.911489 -15.968155
v 14.780826 6.911489 -15.968155
v 13.911261 3.866182 -15.968155
v 13.051346 0.879606 -15.970648
v 12.176561 2.499706 -15.969299
v 11.378996 0.304173 -15.987896
v 10.466286 2.209075 -15.976753
v 9.617557 2.960571 -15.982134
v 8.699264 -0.127659 -15.969547
v 7.915092 1.884909 -15.991604
v 6.968183 -0.505254 -15.971626
v 6.156726 2.515273 -15.986637
v 5.286978 1.979925 -15.986588
v 4.399097 1.472796 -15.981857
v 3.539534 1.181777 -15.984440
v 2.772696 0.053181 -16.010975
v 1.880323 -0.322372 -16.005083
v 0.962729 1.420771 -15.992678
v 0.054315 2.725116 -15.982643
v -0.757493 1.236821 -15.997562
v -1.632336 -0.031826 -15.996199
v -2.605373 0.064885 -15.969473
v -3.456380 3.038090 -15.974266
v -4.264081 1.248313 -15.990246
v -5.107468 2.627351 -15.997007
v -6.007518 2.498562 -15.989132
v -6.861446 1.755177 -15.993172
v -7.732313 0.740166 -15.992836
v -8.637626 2.076969 -15.983603
v -9.369768 -0.163418 -16.019096
v -10.239372 1.049962 -16.019087
v -11.300795 2.341808 -15.969532
v -12.099756 2.647662 -15.987768
v -13.007460 0.048387 -15.977917
v -13.860610 2.746556 -15.982159
v -14.679321 0.241844 -15.995293
v -15.635235 2.958543 -15.972990
v -16.466394 1.260990 -15.982910
v -17.314749 0.361958 -15.988388
v -18.174585 1.465861 -15.990902
v -19.089426 0.901583 -15.979206
v 19.128653 0.646429 -16.943764
v 18.259087 0.529685 -16.943764
v 17.389521 4.343877 -16.943764
v 16.519955 -0.339070 -16.943764
v 15.650391 -0.057742 -16.943764
v 14.780826 6.911489 -16.943764
v 13.911261 5.199428 -16.943764
v 13.041696 0.517633 -16.943764
v 12.172131 3.763211 -16.943764
v 11.333879 0.798077 -16.951853
v 10.433001 3.082132 -16.943764
v 9.563436 4.687366 -16.943764
v 8.749071 0.946954 -16.958023
v 7.824305 4.231196 -16.943764
v 6.959473 3.137506 -16.944988
v 6.115453 2.893576 -16.951586
v 5.215610 4.100235 -16.943764
v 4.389922 0.851292 -16.955097
v 3.579758 0.521772 -16.970440
v 2.608513 3.326746 -16.944178
v 1.737349 4.208192 -16.943764
v 0.867784 4.818232 -16.943764
v -0.001781 4.912592 -16.943764
v -0.784781 0.993910 -16.966124
v -1.696205 -0.415884 -16.955311
v -2.610477 4.534164 -16.943764
v -3.375527 0.089327 -16.970760
v -4.340198 3.012182 -16.946194
v -5.176173 1.645222 -16.954872
v -5.994579 1.254178 -16.968086
v -6.951686 1.485935 -16.945473
v -7.805696 -0.517246 -16.949492
v -8.622856 2.190830 -16.963028
v -9.467984 2.034389 -16.969337
v -10.435237 4.137822 -16.944107
v -11.298717 0.524771 -16.945679
v -12.063272 -0.191452 -16.972801
v -13.026743 1.808949 -16.948547
v -13.881361 1.205036 -16.952408
v -14.729458 0.336940 -16.957952
v -15.635884 1.993834 -16.948433
v -16.514654 2.375315 -16.946054
v -17.393085 2.927012 -16.943764
v -18.262651 3.234412 -16.943764
v -19.116755 0.516642 -16.947758
v 19.128653 0.205852 -17.919373
v 18.259087 0.327145 -17.919373
v 17.389521 0.378227 -17.919373
v 16.519955 -0.292577 -17.919373
v 15.650391 1.995278 -17.919373
v 14.780826 6.911489 -17.919373
v 13.911261 6.911489 -17.919373
v 13.041696 6.911489 -17.919373
v 12.172131 6.911489 -17.919373
v 11.302566 6.911489 -17.919373
v 10.433001 6.911489 -17.919373
v 9.563436 6.911489 -17.919373
v 8.693871 6.911489 -17.919373
v 7.824305 6.911489 -17.919373
v 6.954740 6.911489 -17.919373
v 6.085175 6.911489 -17.919373
v 5.215610 6.911489 -17.919373
v 4.346045 6.911489 -17.919373
v 3.476480 6.911489 -17.919373
v 2.606915 6.911489 -17.919373
v 1.737349 6.911489 -17.919373
v 0.867784 6.911489 -17.919373
v -0.001781 6.911489 -17.919373
v -0.871347 6.911489 -17.919373
v -1.740912 6.911489 -17.919373
v -2.610477 6.911489 -17.919373
v -3.480042 6.911489 -17.919373
v -4.349608 6.911489 -17.919373
v -5.219173 6.911489 -17.919373
v -6.088738 6.911489 -17.919373
v -6.958303 6.911489 -17.919373
v -7.827868 6.911489 -17.919373
v -8.697433 6.911489 -17.919373
v -9.566998 6.911489 -17.919373
v -10.436563 6.911489 -17.919373
v -11.306128 6.911489 -17.919373
v -12.175693 6.911489 -17.919373
v -13.045258 6.911489 -17.919373
v -13.914823 6.911489 -17.919373
v -14.784389 6.911489 -17.919373
v -15.653954 6.911489 -17.919373
v -16.523520 6.911489 -17.919373
v -17.393085 1.009916 -17.919373
v -18.262651 3.629328 -17.919373
v 19.128653 -0.564503 -18.894981
v 18.259087 -0.079308 -18.894981
v 17.389521 1.385662 -18.894981
v 16.519955 1.565560 -18.894981
v 15.650391 1.402086 -18.894981
v 14.780826 2.730774 -18.894981
v 13.911261 0.073965 -18.894981
v 13.041696 0.297703 -18.894981
v 12.172131 2.101641 -18.894981
v 11.302566 4.665253 -18.894981
v 10.433001 4.220740 -18.894981
v 9.563436 1.322398 -18.894981
v 8.693871 3.235687 -18.894981
v 7.824305 3.177656 -18.894981
v 6.954740 1.534573 -18.894981
v 6.085175 4.068029 -18.894981
v 5.215610 3.228725 -18.894981
v 4.346045 2.994480 -18.894981
v 3.476480 2.015107 -18.894981
v 2.606915 2.985292 -18.894981
v 1.737349 4.643802 -18.894981
v 0.867784 3.687493 -18.894981
v -0.001781 4.976213 -18.894981
v -0.871347 3.818136 -18.894981
v -1.740912 4.598568 -18.894981
v -2.610477 1.792558 -18.894981
v -3.480042 3.004081 -18.894981
v -4.349608 4.410936 -18.894981
v -5.219173 3.789360 -18.894981
v -6.088738 -0.296264 -18.894981
v -6.958303 3.852011 -18.894981
v -7.827868 4.179595 -18.894981
v -8.697433 4.741111 -18.894981
v -9.566998 4.293169 -18.894981
v -10.436563 2.787963 -18.894981
v -11.306128 3.015865 -18.894981
v -12.175693 0.206457 -18.894981
v -13.045258 0.298723 -18.894981
v -13.914823 4.035687 -18.894981
v -14.784389 2.410978 -18.894981
v -15.653954 4.919056 -18.894981
v -16.523520 -0.282295 -18.894981
v -17.393085 3.683055 -18.894981
v -18.262651 1.415920 -18.894981
v -19.132217 0.652982 -18.894981
v 19.128653 -0.564503 -19.870594
v 18.259087 -0.564503 -19.870594
v 17.389521 0.525229 -19.870594
v 16.519955 1.702720 -19.870594
v 15.650391 0.964833 -19.870594
v 14.780826 2.563210 -19.870594
v 13.911261 2.687008 -19.870594
v 13.041696 2.388743 -19.870594
v 12.172131 2.212915 -19.870594
v 11.302566 2.074135 -19.870594
v 10.433001 0.951928 -19.870594
v 9.563436 1.196598 -19.870594
v 8.693871 2.499337 -19.870594
v 7.824305 3.049166 -19.870594
v 6.954740 1.754653 -19.870594
v 6.085175 0.620813 -19.870594
v 5.215610 1.418487 -19.870594
v 4.346045 1.760623 -19.870594
v 3.476480 0.254605 -19.870594
v 2.606915 2.290210 -19.870594
v 1.737349 2.207454 -19.870594
v 0.867784 1.483460 -19.870594
v -0.001781 0.934489 -19.870594
v -0.871347 2.333101 -19.870594
v -1.740912 2.567213 -19.870594
v -2.610477 1.717174 -19.870594
v -3.480042 1.374968 -19.870594
v -4.349608 -0.068428 -19.870594
v -5.219173 2.108165 -19.870594
v -6.088738 -0.335897 -19.870594
v -6.958303 0.812565 -19.870594
v -7.827868 2.138917 -19.870594
v -8.697433 0.580592 -19.870594
v -9.566998 -0.008069 -19.870594
v -10.436563 0.739583 -19.870594
v -11.306128 1.654407 -19.870594
v -12.175693 2.541961 -19.870594
v -13.045258 -0.390203 -19.870594
v -13.914823 1.513724 -19.870594
v -14.784389 0.169290 -19.870594
v -15.653954 0.872157 -19.870594
v -16.523520 2.150185 -19.870594
v -17.393085 2.233611 -19.870594
v -18.262651 0.397945 -19.870594
v -19.132217 -0.052089 -19.870594
v 19.128653 2.485449 17.202579
v 18.259087 1.116457 17.202579
v 17.389521 3.293433 17.202579
v 16.519955 6.911489 17.202579
v 15.650391 2.450615 17.202579
v 14.780826 3.334163 17.202579
v 13.911261 0.822240 17.202579
v 13.041696 -0.210707 17.202579
v 12.172131 -0.179972 17.202579
v 11.302566 0.145077 17.202579
v 10.433001 -0.552251 17.202579
v 9.563436 0.298946 17.202579
v 8.693871 -0.138783 17.202579
v 7.824305 -0.387482 17.202579
v 6.954740 -0.091979 17.202579
v 6.085175 -0.174995 17.202579
v 5.215610 -0.043652 17.202579
v 4.346045 0.316048 17.202579
v 3.476480 -0.412341 17.202579
v 2.606915 -0.474262 17.202579
v 1.737349 0.190521 17.202579
v 0.867784 -0.255648 17.202579
v -0.001781 0.215649 17.202579
v -0.871347 0.156242 17.202579
v -1.740912 -0.340689 17.202579
v -2.610477 0.354514 17.202579
v -3.480042 -0.271811 17.202579
v -4.349608 0.024348 17.202579
v -5.219173 -0.273542 17.202579
v -6.088738 -0.134105 17.202579
v -6.958303 0.258173 17.202579
v -7.827868 -0.498112 17.202579
v -8.697433 0.253437 17.202579
v -9.566998 0.131941 17.202579
v -10.436563 -0.156576 17.202579
v -11.306128 -0.027767 17.202579
v -12.175693 0.159101 17.202579
v -13.045258 0.033240 17.202579
v -13.914823 -0.322370 17.202579
v -14.784389 0.283119 17.202579
v -15.653954 0.349470 17.202579
v -16.523520 0.175330 17.202579
v -17.393085 0.234181 17.202579
v -18.262651 0.170658 17.202579
v -19.132217 0.525435 17.202579
v -19.132215 0.525435 17.202579
v -18.262650 -0.031409 17.202579
v -17.393084 0.184265 17.202579
v -16.523518 -0.458115 17.202579
v -15.653952 -0.181999 17.202579
v -14.784387 -0.157738 17.202579
v -13.914822 -0.313962 17.202579
v -13.045257 0.199842 17.202579
v -12.175692 0.172879 17.202579
v -11.306127 -0.055581 17.202579
v -10.436562 0.344378 17.202579
v -9.566997 0.206672 17.202579
v -8.697432 -0.029771 17.202579
v -7.827868 -0.558981 17.202579
v -6.958302 0.369310 17.202579
v -6.088737 -0.036529 17.202579
v -5.219172 -0.308091 17.202579
v -4.349607 -0.215830 17.202579
v -3.480042 0.094512 17.202579
v -2.610476 -0.043435 17.202579
v -1.740911 -0.191562 17.202579
v -0.871346 -0.083180 17.202579
v -0.001781 -0.449938 17.202579
v 0.867784 -0.313099 17.202579
v 1.737349 0.168901 17.202579
v 2.606915 0.170830 17.202579
v 3.476480 0.356238 17.202579
v 4.346045 -0.269636 17.202579
v 5.215611 0.199573 17.202579
v 6.085176 0.021585 17.202579
v 6.954741 0.045128 17.202579
v 7.824306 0.048893 17.202579
v 8.693871 0.039288 17.202579
v 9.563437 -0.355742 17.202579
v 10.433002 -0.008011 17.202579
v 11.302567 0.341531 17.202579
v 12.172132 -0.143765 17.202579
v 13.041697 0.615012 17.202579
v 13.911262 1.665739 17.202579
v 14.780828 1.444282 17.202579
v 15.650393 2.638406 17.202579
v 16.519957 6.911489 17.202579
v 17.389523 0.586950 17.202579
v 18.259089 -0.267362 17.202579
v 19.128654 -0.532752 17.202579
v 19.128653 2.635244 17.202579
v 18.259087 4.953126 17.202579
v 17.389521 5.711402 17.202579
v 16.519955 6.911489 17.202579
v 15.650391 4.423917 17.202579
v 14.780826 1.906952 17.202579
v 13.911261 0.913176 17.202579
v 13.041696 -0.196430 17.202579
v 12.172131 -0.448829 17.202579
v 11.302566 -0.437386 17.202579
v 10.433001 0.274161 17.202579
v 9.563436 -0.517723 17.202579
v 8.693871 -0.099360 17.202579
v 7.824305 -0.552548 17.202579
v 6.954740 0.219677 17.202579
v 6.085175 -0.375825 17.202579
v 5.215610 -0.348217 17.202579
v 4.346045 -0.486525 17.202579
v 3.476480 -0.402353 17.202579
v 2.606915 0.102611 17.202579
v 1.737349 -0.144280 17.202579
v 0.867784 -0.323758 17.202579
v -0.001781 -0.133688 17.202579
v -0.871347 0.285835 17.202579
v -1.740912 0.087693 17.202579
v -2.610477 -0.270747 17.202579
v -3.480042 0.079216 17.202579
v -4.349608 -0.554942 17.202579
v -5.219173 0.204621 17.202579
v -6.088738 0.201698 17.202579
v -6.958303 -0.236000 17.202579
v -7.827868 0.152594 17.202579
v -8.697433 0.126340 17.202579
v -9.566998 -0.282333 17.202579
v -10.436563 -0.250438 17.202579
v -11.306128 0.358299 17.202579
v -12.175693 -0.472077 17.202579
v -13.045258 0.177840 17.202579
v -13.914823 -0.114604 17.202579
v -14.784389 0.176795 17.202579
v -15.653954 -0.074666 17.202579
v -16.523520 0.364032 17.202579
v -17.393085 -0.162695 17.202579
v -18.262651 -0.486743 17.202579
v -19.132217 0.525435 17.202579
v 19.128653 2.422654 17.202579
v 18.259087 2.323624 17.202579
v 17.389521 6.021050 17.202579
v 16.519955 6.911489 17.202579
v 15.650391 4.293228 17.202579
v 14.780826 0.295634 17.202579
v 13.911261 0.620960 17.202579
v 13.041696 -0.550938 17.202579
v 12.172131 0.105595 17.202579
v 11.302566 0.312568 17.202579
v 10.433001 -0.510715 17.202579
v 9.563436 -0.308453 17.202579
v 8.693871 0.216539 17.202579
v 7.824305 -0.502306 17.202579
v 6.954740 -0.246526 17.202579
v 6.085175 0.005290 17.202579
v 5.215610 -0.425103 17.202579
v 4.346045 0.203459 17.202579
v 3.476480 0.025873 17.202579
v 2.606915 0.003621 17.202579
v 1.737349 0.152736 17.202579
v 0.867784 0.061187 17.202579
v -0.001781 -0.048557 17.202579
v -0.871347 -0.115344 17.202579
v -1.740912 -0.145033 17.202579
v -2.610477 0.263360 17.202579
v -3.480042 -0.439914 17.202579
v -4.349608 -0.145827 17.202579
v -5.219173 -0.407591 17.202579
v -6.088738 0.301764 17.202579
v -6.958303 -0.099446 17.202579
v -7.827868 -0.152478 17.202579
v -8.697433 -0.315899 17.202579
v -9.566998 -0.454137 17.202579
v -10.436563 -0.077919 17.202579
v -11.306128 -0.369319 17.202579
v -12.175693 -0.563192 17.202579
v -13.045258 0.352199 17.202579
v -13.914823 0.070214 17.202579
v -14.784389 -0.229211 17.202579
v -15.653954 0.309731 17.202579
v -16.523520 -0.348489 17.202579
v -17.393085 0.332367 17.202579
v -18.262651 -0.052297 17.202579
v -19.132217 0.525435 17.202579
v -19.132215 0.525435 17.202579
v -18.262650 0.120135 17.202579
v -17.393084 0.127824 17.202579
v -16.523518 -0.060307 17.202579
v -15.653952 -0.317207 17.202579
v -14.784387 0.044676 17.202579
v -13.914822 -0.405487 17.202579
v -13.045257 0.168958 17.202579
v -12.175692 0.168844 17.202579
v -11.306127 0.237908 17.202579
v -10.436562 -0.409822 17.202579
v -9.566997 0.164966 17.202579
v -8.697432 0.095289 17.202579
v -7.827868 -0.254591 17.202579
v -6.958302 -0.524926 17.202579
v -6.088737 -0.085717 17.202579
v -5.219172 -0.354108 17.202579
v -4.349607 -0.129843 17.202579
v -3.480042 0.069097 17.202579
v -2.610476 -0.216465 17.202579
v -1.740911 0.088362 17.202579
v -0.871346 -0.442194 17.202579
v -0.001781 -0.439019 17.202579
v 0.867784 0.005002 17.202579
v 1.737349 -0.030790 17.202579
v 2.606915 -0.101506 17.202579
v 3.476480 0.348963 17.202579
v 4.346045 -0.229095 17.202579
v 5.215611 0.191042 17.202579
v 6.085176 -0.276348 17.202579
v 6.954741 -0.044985 17.202579
v 7.824306 -0.008779 17.202579
v 8.693871 -0.203344 17.202579
v 9.563437 -0.022885 17.202579
v 10.433002 0.028439 17.202579
v 11.302567 0.348411 17.202579
v 12.172132 -0.331203 17.202579
v 13.041697 0.500093 17.202579
v 13.911262 0.892370 17.202579
v 14.780828 2.778740 17.202579
v 15.650393 0.380177 17.202579
v 16.519957 6.911489 17.202579
v 17.389523 5.302297 17.202579
v 18.259089 3.613931 17.202579
v 19.128654 1.221879 17.202579
v -19.132215 0.525435 17.202579
v -18.262650 -0.159062 17.202579
v -17.393084 -0.244662 17.202579
v -16.523518 -0.304783 17.202579
v -15.653952 0.116320 17.202579
v -14.784387 -0.112407 17.202579
v -13.914822 0.068783 17.202579
v -13.045257 0.063375 17.202579
v -12.175692 0.115228 17.202579
v -11.306127 0.341498 17.202579
v -10.436562 -0.070000 17.202579
v -9.566997 -0.307349 17.202579
v -8.697432 -0.352189 17.202579
v -7.827868 -0.497826 17.202579
v -6.958302 -0.210606 17.202579
v -6.088737 -0.472451 17.202579
v -5.219172 -0.327431 17.202579
v -4.349607 -0.385332 17.202579
v -3.480042 0.296030 17.202579
v -2.610476 -0.221240 17.202579
v -1.740911 0.034920 17.202579
v -0.871346 -0.087288 17.202579
v -0.001781 -0.493465 17.202579
v 0.867784 0.011473 17.202579
v 1.737349 -0.143618 17.202579
v 2.606915 0.065187 17.202579
v 3.476480 0.069804 17.202579
v 4.346045 -0.292162 17.202579
v 5.215611 0.113248 17.202579
v 6.085176 -0.210463 17.202579
v 6.954741 0.101309 17.202579
v 7.824306 0.219351 17.202579
v 8.693871 0.369985 17.202579
v 9.563437 -0.074726 17.202579
v 10.433002 -0.042101 17.202579
v 11.302567 0.289003 17.202579
v 12.172132 -0.435862 17.202579
v 13.041697 0.354722 17.202579
v 13.911262 1.113906 17.202579
v 14.780828 1.131951 17.202579
v 15.650393 2.345405 17.202579
v 16.519957 6.911489 17.202579
v 17.389523 6.547487 17.202579
v 18.259089 5.185306 17.202579
v 19.128654 0.724593 17.202579
v 19.128653 2.615297 17.202579
v 18.259087 2.402786 17.202579
v 17.389521 6.911489 17.202579
v 16.519955 6.911489 17.202579
v 15.650391 1.657000 17.202579
v 14.780826 1.250386 17.202579
v 13.911261 1.284308 17.202579
v 13.041696 0.531450 17.202579
v 12.172131 0.297173 17.202579
v 11.302566 0.200212 17.202579
v 10.433001 -0.285259 17.202579
v 9.563436 0.248991 17.202579
v 8.693871 0.058689 17.202579
v 7.824305 -0.019197 17.202579
v 6.954740 0.208485 17.202579
v 6.085175 -0.223474 17.202579
v 5.215610 -0.031175 17.202579
v 4.346045 -0.077395 17.202579
v 3.476480 0.115388 17.202579
v 2.606915 0.006549 17.202579
v 1.737349 -0.237893 17.202579
v 0.867784 -0.169180 17.202579
v -0.001781 0.075880 17.202579
v -0.871347 -0.511273 17.202579
v -1.740912 -0.474168 17.202579
v -2.610477 0.349800 17.202579
v -3.480042 -0.004404 17.202579
v -4.349608 0.000569 17.202579
v -5.219173 -0.295272 17.202579
v -6.088738 0.156653 17.202579
v -6.958303 -0.391473 17.202579
v -7.827868 -0.291102 17.202579
v -8.697433 -0.283060 17.202579
v -9.566998 -0.219450 17.202579
v -10.436563 0.325747 17.202579
v -11.306128 0.337612 17.202579
v -12.175693 0.112119 17.202579
v -13.045258 0.339935 17.202579
v -13.914823 -0.415754 17.202579
v -14.784389 0.261080 17.202579
v -15.653954 -0.200612 17.202579
v -16.523520 0.348657 17.202579
v -17.393085 0.262707 17.202579
v -18.262651 0.104762 17.202579
v -19.132217 0.525435 17.202579
vt 0.978261 0.024390
vt 1.000000 0.024390
vt 1.000000 0.024390
vt 0.978261 0.024390
vt 0.978261 0.024390
vt 1.000000 0.024390
vt 1.000000 0.048780
vt 0.978261 0.048780
vt 1.000000 0.073171
vt 0.978261 0.073171
vt 1.000000 0.097561
vt 0.978261 0.097561
vt 1.000000 0.121951
vt 0.978261 0.121951
vt 1.000000 0.146341
vt 0.978261 0.146341
vt 1.000000 0.170732
vt 0.978261 0.170732
vt 1.000000 0.195122
vt 0.978261 0.195122
vt 1.000000 0.219512
vt 0.978261 0.219512
vt 1.000000 0.243902
vt 0.978261 0.243902
vt 1.000000 0.268293
vt 0.978261 0.268293
vt 1.000000 0.292683
vt 0.978261 0.292683
vt 1.000000 0.317073
vt 0.978261 0.317073
vt 1.000000 0.341463
vt 0.978261 0.341463
vt 1.000000 0.365854
vt 0.978261 0.365854
vt 1.000000 0.390244
vt 0.978261 0.390244
vt 1.000000 0.414634
vt 0.978261 0.414634
vt 1.000000 0.439024
vt 0.978261 0.439024
vt 1.000000 0.463415
vt 0.978261 0.463415
vt 1.000000 0.487805
vt 0.978261 0.487805
vt 1.000000 0.512195
vt 0.978261 0.512195
vt 1.000000 0.536585
vt 0.978261 0.536585
vt 1.000000 0.560975
vt 0.978261 0.560975
vt 1.000000 0.585366
vt 0.978261 0.585366
vt 1.000000 0.609756
vt 0.978261 0.609756
vt 1.000000 0.634146
vt 0.978261 0.634146
vt 1.000000 0.658536
vt 0.978261 0.658536
vt 1.000000 0.682927
vt 0.978261 0.682927
vt 1.000000 0.707317
vt 0.978261 0.707317
vt 1.000000 0.731707
vt 0.978261 0.731707
vt 1.000000 0.756097
vt 0.978261 0.756097
vt 1.000000 0.780488
vt 0.978261 0.780488
vt 1.000000 0.804878
vt 0.978261 0.804878
vt 1.000000 0.829268
vt 0.978261 0.829268
vt 1.000000 0.853658
vt 0.978261 0.853658
vt 1.000000 0.878049
vt 0.978261 0.878049
vt 1.000000 0.902439
vt 0.978261 0.902439
vt 1.000000 0.926829
vt 0.978261 0.926829
vt 1.000000 0.951219
vt 0.978261 0.951219
vt 0.978261 0.024390
vt 1.000000 0.024390
vt 1.000000 0.024390
vt 0.978261 0.024390
vt 1.000000 0.024390
vt 0.978261 0.024390
vt 0.978261 0.024390
vt 1.000000 0.024390
vt 0.978261 0.024390
vt 1.000000 0.024390
vt 0.978261 0.000000
vt 1.000000 0.000000
vt 0.000000 0.000000
vt 0.021739 0.000000
vt 0.021739 0.024390
vt 0.000000 0.024390
vt 0.043478 0.000000
vt 0.043478 0.024390
vt 0.065217 0.000000
vt 0.065217 0.024390
vt 0.086957 0.000000
vt 0.086957 0.024390
vt 0.108696 0.000000
vt 0.108696 0.024390
vt 0.130435 0.000000
vt 0.130435 0.024390
vt 0.152174 0.000000
vt 0.152174 0.024390
vt 0.173913 0.000000
vt 0.173913 0.024390
vt 0.195652 0.000000
vt 0.195652 0.024390
vt 0.217391 0.000000
vt 0.217391 0.024390
vt 0.239130 0.000000
vt 0.239130 0.024390
vt 0.260870 0.000000
vt 0.260870 0.024390
vt 0.282609 0.000000
vt 0.282609 0.024390
vt 0.304348 0.000000
vt 0.304348 0.024390
vt 0.326087 0.000000
vt 0.326087 0.024390
vt 0.347826 0.000000
vt 0.347826 0.024390
vt 0.369565 0.000000
vt 0.369565 0.024390
vt 0.391304 0.000000
vt 0.391304 0.024390
vt 0.413043 0.000000
vt 0.413044 0.024390
vt 0.434783 0.000000
vt 0.434783 0.024390
vt 0.456522 0.000000
vt 0.456522 0.024390
vt 0.478261 0.000000
vt 0.478261 0.024390
vt 0.500000 0.000000
vt 0.500000 0.024390
vt 0.521739 0.000000
vt 0.521739 0.024390
vt 0.543478 0.000000
vt 0.543478 0.024390
vt 0.565217 0.000000
vt 0.565217 0.024390
vt 0.586957 0.000000
vt 0.586957 0.024390
vt 0.608696 0.000000
vt 0.608696 0.024390
vt 0.630435 0.000000
vt 0.630435 0.024390
vt 0.652174 0.000000
vt 0.652174 0.024390
vt 0.673913 0.000000
vt 0.673913 0.024390
vt 0.695652 0.000000
vt 0.695652 0.024390
vt 0.717391 0.000000
vt 0.717391 0.024390
vt 0.739130 0.000000
vt 0.739130 0.024390
vt 0.760870 0.000000
vt 0.760870 0.024390
vt 0.782609 0.000000
vt 0.782609 0.024390
vt 0.804348 0.000000
vt 0.804348 0.024390
vt 0.826087 0.000000
vt 0.826087 0.024390
vt 0.847826 0.000000
vt 0.847826 0.024390
vt 0.869565 0.000000
vt 0.869565 0.024390
vt 0.891304 0.000000
vt 0.891304 0.024390
vt 0.913043 0.000000
vt 0.913043 0.024390
vt 0.934783 0.000000
vt 0.934783 0.024390
vt 0.956522 0.000000
vt 0.956522 0.024390
vt 0.000000 0.024390
vt 0.021739 0.024390
vt 0.021739 0.024390
vt 0.000000 0.024390
vt 0.043478 0.024390
vt 0.043478 0.024390
vt 0.065217 0.024390
vt 0.065217 0.024390
vt 0.086957 0.024390
vt 0.086957 0.024390
vt 0.108696 0.024390
vt 0.108696 0.024390
vt 0.130435 0.024390
vt 0.130435 0.024390
vt 0.152174 0.024390
vt 0.152174 0.024390
vt 0.173913 0.024390
vt 0.173913 0.024390
vt 0.195652 0.024390
vt 0.195652 0.024390
vt 0.217391 0.024390
vt 0.217391 0.024390
vt 0.239130 0.024390
vt 0.239130 0.024390
vt 0.260870 0.024390
vt 0.260870 0.024390
vt 0.282609 0.024390
vt 0.282609 0.024390
vt 0.304348 0.024390
vt 0.304348 0.024390
vt 0.326087 0.024390
vt 0.326087 0.024390
vt 0.347826 0.024390
vt 0.347826 0.024390
vt 0.369565 0.024390
vt 0.369565 0.024390
vt 0.391304 0.024390
vt 0.391304 0.024390
vt 0.413043 0.024390
vt 0.413044 0.024390
vt 0.434783 0.024390
vt 0.434783 0.024390
vt 0.456522 0.024390
vt 0.456522 0.024390
vt 0.478261 0.024390
vt 0.478261 0.024390
vt 0.500000 0.024390
vt 0.500000 0.024390
vt 0.521739 0.024390
vt 0.521739 0.024390
vt 0.543478 0.024390
vt 0.543478 0.024390
vt 0.565217 0.024390
vt 0.565217 0.024390
vt 0.586957 0.024390
vt 0.586957 0.024390
vt 0.608696 0.024390
vt 0.608696 0.024390
vt 0.630435 0.024390
vt 0.630435 0.024390
vt 0.652174 0.024390
vt 0.652174 0.024390
vt 0.673913 0.024390
vt 0.673913 0.024390
vt 0.695652 0.024390
vt 0.695652 0.024390
vt 0.717391 0.024390
vt 0.717391 0.024390
vt 0.739130 0.024390
vt 0.739130 0.024390
vt 0.760870 0.024390
vt 0.760870 0.024390
vt 0.782609 0.024390
vt 0.782609 0.024390
vt 0.804348 0.024390
vt 0.804348 0.024390
vt 0.826087 0.024390
vt 0.826087 0.024390
vt 0.847826 0.024390
vt 0.847826 0.024390
vt 0.869565 0.024390
vt 0.869565 0.024390
vt 0.891304 0.024390
vt 0.891304 0.024390
vt 0.913043 0.024390
vt 0.913043 0.024390
vt 0.934783 0.024390
vt 0.934783 0.024390
vt 0.956522 0.024390
vt 0.956522 0.024390
vt 0.000000 0.024390
vt 0.021739 0.024390
vt 0.021739 0.024390
vt 0.000000 0.024390
vt 0.043478 0.024390
vt 0.043478 0.024390
vt 0.065217 0.024390
vt 0.065217 0.024390
vt 0.086957 0.024390
vt 0.086957 0.024390
vt 0.108696 0.024390
vt 0.108696 0.024390
vt 0.130435 0.024390
vt 0.130435 0.024390
vt 0.152174 0.024390
vt 0.152174 0.024390
vt 0.173913 0.024390
vt 0.173913 0.024390
vt 0.195652 0.024390
vt 0.195652 0.024390
vt 0.217391 0.024390
vt 0.217391 0.024390
vt 0.239130 0.024390
vt 0.239130 0.024390
vt 0.260870 0.024390
vt 0.260870 0.024390
vt 0.282609 0.024390
vt 0.282609 0.024390
vt 0.304348 0.024390
vt 0.304348 0.024390
vt 0.326087 0.024390
vt 0.326087 0.024390
vt 0.347826 0.024390
vt 0.347826 0.024390
vt 0.369565 0.024390
vt 0.369565 0.024390
vt 0.391304 0.024390
vt 0.391304 0.024390
vt 0.413043 0.024390
vt 0.413044 0.024390
vt 0.434783 0.024390
vt 0.434783 0.024390
vt 0.456522 0.024390
vt 0.456522 0.024390
vt 0.478261 0.024390
vt 0.478261 0.024390
vt 0.500000 0.024390
vt 0.500000 0.024390
vt 0.521739 0.024390
vt 0.521739 0.024390
vt 0.543478 0.024390
vt 0.543478 0.024390
vt 0.565217 0.024390
vt 0.565217 0.024390
vt 0.586957 0.024390
vt 0.586957 0.024390
vt 0.608696 0.024390
vt 0.608696 0.024390
vt 0.630435 0.024390
vt 0.630435 0.024390
vt 0.652174 0.024390
vt 0.652174 0.024390
vt 0.673913 0.024390
vt 0.673913 0.024390
vt 0.695652 0.024390
vt 0.695652 0.024390
vt 0.717391 0.024390
vt 0.717391 0.024390
vt 0.739130 0.024390
vt 0.739130 0.024390
vt 0.760870 0.024390
vt 0.760870 0.024390
vt 0.782609 0.024390
vt 0.782609 0.024390
vt 0.804348 0.024390
vt 0.804348 0.024390
vt 0.826087 0.024390
vt 0.826087 0.024390
vt 0.847826 0.024390
vt 0.847826 0.024390
vt 0.869565 0.024390
vt 0.869565 0.024390
vt 0.891304 0.024390
vt 0.891304 0.024390
vt 0.913043 0.024390
vt 0.913043 0.024390
vt 0.934783 0.024390
vt 0.934783 0.024390
vt 0.956522 0.024390
vt 0.956522 0.024390
vt 0.021739 0.024390
vt 0.000000 0.024390
vt 0.043478 0.024390
vt 0.065217 0.024390
vt 0.086957 0.024390
vt 0.108696 0.024390
vt 0.130435 0.024390
vt 0.152174 0.024390
vt 0.173913 0.024390
vt 0.195652 0.024390
vt 0.217391 0.024390
vt 0.239130 0.024390
vt 0.260870 0.024390
vt 0.282609 0.024390
vt 0.304348 0.024390
vt 0.326087 0.024390
vt 0.347826 0.024390
vt 0.369565 0.024390
vt 0.391304 0.024390
vt 0.413044 0.024390
vt 0.434783 0.024390
vt 0.456522 0.024390
vt 0.478261 0.024390
vt 0.500000 0.024390
vt 0.521739 0.024390
vt 0.543478 0.024390
vt 0.565217 0.024390
vt 0.586957 0.024390
vt 0.608696 0.024390
vt 0.630435 0.024390
vt 0.652174 0.024390
vt 0.673913 0.024390
vt 0.695652 0.024390
vt 0.717391 0.024390
vt 0.739130 0.024390
vt 0.760870 0.024390
vt 0.782609 0.024390
vt 0.804348 0.024390
vt 0.826087 0.024390
vt 0.847826 0.024390
vt 0.869565 0.024390
vt 0.891304 0.024390
vt 0.913043 0.024390
vt 0.934783 0.024390
vt 0.956522 0.024390
vt 0.021739 0.024390
vt 0.000000 0.024390
vt 0.043478 0.024390
vt 0.065217 0.024390
vt 0.086957 0.024390
vt 0.108696 0.024390
vt 0.130435 0.024390
vt 0.152174 0.024390
vt 0.173913 0.024390
vt 0.195652 0.024390
vt 0.217391 0.024390
vt 0.239130 0.024390
vt 0.260870 0.024390
vt 0.282609 0.024390
vt 0.304348 0.024390
vt 0.326087 0.024390
vt 0.347826 0.024390
vt 0.369565 0.024390
vt 0.391304 0.024390
vt 0.413044 0.024390
vt 0.434783 0.024390
vt 0.456522 0.024390
vt 0.478261 0.024390
vt 0.500000 0.024390
vt 0.521739 0.024390
vt 0.543478 0.024390
vt 0.565217 0.024390
vt 0.586957 0.024390
vt 0.608696 0.024390
vt 0.630435 0.024390
vt 0.652174 0.024390
vt 0.673913 0.024390
vt 0.695652 0.024390
vt 0.717391 0.024390
vt 0.739130 0.024390
vt 0.760870 0.024390
vt 0.782609 0.024390
vt 0.804348 0.024390
vt 0.826087 0.024390
vt 0.847826 0.024390
vt 0.869565 0.024390
vt 0.891304 0.024390
vt 0.913043 0.024390
vt 0.934783 0.024390
vt 0.956522 0.024390
vt 0.000000 0.024390
vt 0.021739 0.024390
vt 0.043478 0.024390
vt 0.065217 0.024390
vt 0.086957 0.024390
vt 0.108696 0.024390
vt 0.130435 0.024390
vt 0.152174 0.024390
vt 0.173913 0.024390
vt 0.195652 0.024390
vt 0.217391 0.024390
vt 0.239130 0.024390
vt 0.260870 0.024390
vt 0.282609 0.024390
vt 0.304348 0.024390
vt 0.326087 0.024390
vt 0.347826 0.024390
vt 0.369565 0.024390
vt 0.391304 0.024390
vt 0.413043 0.024390
vt 0.434783 0.024390
vt 0.456522 0.024390
vt 0.478261 0.024390
vt 0.500000 0.024390
vt 0.521739 0.024390
vt 0.543478 0.024390
vt 0.565217 0.024390
vt 0.586957 0.024390
vt 0.608696 0.024390
vt 0.630435 0.024390
vt 0.652174 0.024390
vt 0.673913 0.024390
vt 0.695652 0.024390
vt 0.717391 0.024390
vt 0.739130 0.024390
vt 0.760870 0.024390
vt 0.782609 0.024390
vt 0.804348 0.024390
vt 0.826087 0.024390
vt 0.847826 0.024390
vt 0.869565 0.024390
vt 0.891304 0.024390
vt 0.913043 0.024390
vt 0.934783 0.024390
vt 0.956522 0.024390
vt 0.000000 0.926829
vt 0.021739 0.926829
vt 0.021739 0.951220
vt 0.000000 0.951220
vt 0.043478 0.926829
vt 0.043478 0.951220
vt 0.065217 0.926829
vt 0.065217 0.951220
vt 0.086957 0.926829
vt 0.086957 0.951220
vt 0.108696 0.926829
vt 0.108696 0.951220
vt 0.130435 0.926829
vt 0.130435 0.951220
vt 0.152174 0.926829
vt 0.152174 0.951220
vt 0.173913 0.926829
vt 0.173913 0.951220
vt 0.195652 0.926829
vt 0.195652 0.951220
vt 0.217391 0.926829
vt 0.217391 0.951220
vt 0.239130 0.926829
vt 0.239130 0.951220
vt 0.260870 0.926829
vt 0.260870 0.951220
vt 0.282609 0.926829
vt 0.282609 0.951220
vt 0.304348 0.926829
vt 0.304348 0.951220
vt 0.326087 0.926829
vt 0.326087 0.951220
vt 0.347826 0.926829
vt 0.347826 0.951220
vt 0.369565 0.926829
vt 0.369565 0.951220
vt 0.391304 0.926829
vt 0.391304 0.951220
vt 0.413044 0.926829
vt 0.413044 0.951220
vt 0.434783 0.926829
vt 0.434783 0.951220
vt 0.456522 0.926829
vt 0.456522 0.951220
vt 0.478261 0.926829
vt 0.478261 0.951220
vt 0.500000 0.926829
vt 0.500000 0.951219
vt 0.521739 0.926829
vt 0.521739 0.951219
vt 0.543478 0.926829
vt 0.543478 0.951219
vt 0.565217 0.926829
vt 0.565217 0.951219
vt 0.586957 0.926829
vt 0.586957 0.951219
vt 0.608696 0.926829
vt 0.608696 0.951219
vt 0.630435 0.926829
vt 0.630435 0.951219
vt 0.652174 0.926829
vt 0.652174 0.951219
vt 0.673913 0.926829
vt 0.673913 0.951219
vt 0.695652 0.926829
vt 0.695652 0.951219
vt 0.717391 0.926829
vt 0.717391 0.951219
vt 0.739130 0.926829
vt 0.739130 0.951219
vt 0.760870 0.926829
vt 0.760870 0.951219
vt 0.782609 0.926829
vt 0.782609 0.951219
vt 0.804348 0.926829
vt 0.804348 0.951219
vt 0.826087 0.926829
vt 0.826087 0.951219
vt 0.847826 0.926829
vt 0.847826 0.951219
vt 0.869565 0.926829
vt 0.869565 0.951219
vt 0.891304 0.926829
vt 0.891304 0.951219
vt 0.913043 0.926829
vt 0.913043 0.951219
vt 0.934783 0.926829
vt 0.934783 0.951219
vt 0.956522 0.926829
vt 0.956522 0.951219
vt 0.043478 0.902439
vt 0.065217 0.902439
vt 0.086957 0.902439
vt 0.108696 0.902439
vt 0.130435 0.902439
vt 0.152174 0.902439
vt 0.173913 0.902439
vt 0.195652 0.902439
vt 0.217391 0.902439
vt 0.239130 0.902439
vt 0.260870 0.902439
vt 0.282609 0.902439
vt 0.304348 0.902439
vt 0.326087 0.902439
vt 0.347826 0.902439
vt 0.369565 0.902439
vt 0.391304 0.902439
vt 0.413044 0.902439
vt 0.434783 0.902439
vt 0.456522 0.902439
vt 0.478261 0.902439
vt 0.500000 0.902439
vt 0.521739 0.902439
vt 0.543478 0.902439
vt 0.565217 0.902439
vt 0.586957 0.902439
vt 0.608696 0.902439
vt 0.630435 0.902439
vt 0.652174 0.902439
vt 0.673913 0.902439
vt 0.695652 0.902439
vt 0.717391 0.902439
vt 0.739130 0.902439
vt 0.760870 0.902439
vt 0.782609 0.902439
vt 0.804348 0.902439
vt 0.826087 0.902439
vt 0.847826 0.902439
vt 0.869565 0.902439
vt 0.891304 0.902439
vt 0.913043 0.902439
vt 0.934783 0.902439
vt 0.956522 0.902439
vt 0.043478 0.878049
vt 0.065217 0.878049
vt 0.086957 0.878049
vt 0.108696 0.878049
vt 0.130435 0.878049
vt 0.152174 0.878049
vt 0.173913 0.878049
vt 0.195652 0.878049
vt 0.217391 0.878049
vt 0.239130 0.878049
vt 0.260870 0.878049
vt 0.282609 0.878049
vt 0.304348 0.878049
vt 0.326087 0.878049
vt 0.347826 0.878049
vt 0.369565 0.878049
vt 0.391304 0.878049
vt 0.413044 0.878049
vt 0.434783 0.878049
vt 0.456522 0.878049
vt 0.478261 0.878049
vt 0.500000 0.878049
vt 0.521739 0.878049
vt 0.543478 0.878049
vt 0.565217 0.878049
vt 0.586957 0.878049
vt 0.608696 0.878049
vt 0.630435 0.878049
vt 0.652174 0.878049
vt 0.673913 0.878049
vt 0.695652 0.878049
vt 0.717391 0.878049
vt 0.739130 0.878049
vt 0.760870 0.878049
vt 0.782609 0.878049
vt 0.804348 0.878049
vt 0.826087 0.878049
vt 0.847826 0.878049
vt 0.869565 0.878049
vt 0.891304 0.878049
vt 0.913043 0.878049
vt 0.934783 0.878049
vt 0.956522 0.878049
vt 0.000000 0.853659
vt 0.021739 0.853659
vt 0.021739 0.878049
vt 0.000000 0.878049
vt 0.043478 0.853659
vt 0.065217 0.853659
vt 0.086957 0.853658
vt 0.108696 0.853658
vt 0.130435 0.853658
vt 0.152174 0.853658
vt 0.173913 0.853658
vt 0.195652 0.853658
vt 0.217391 0.853658
vt 0.239130 0.853658
vt 0.260870 0.853658
vt 0.282609 0.853658
vt 0.304348 0.853658
vt 0.326087 0.853658
vt 0.347826 0.853658
vt 0.369565 0.853658
vt 0.391304 0.853658
vt 0.413044 0.853658
vt 0.434783 0.853658
vt 0.456522 0.853658
vt 0.478261 0.853658
vt 0.500000 0.853658
vt 0.521739 0.853658
vt 0.543478 0.853658
vt 0.565217 0.853658
vt 0.586957 0.853658
vt 0.608696 0.853658
vt 0.630435 0.853658
vt 0.652174 0.853658
vt 0.673913 0.853658
vt 0.695652 0.853658
vt 0.717391 0.853658
vt 0.739130 0.853658
vt 0.760870 0.853658
vt 0.782609 0.853658
vt 0.804348 0.853658
vt 0.826087 0.853658
vt 0.847826 0.853658
vt 0.869565 0.853658
vt 0.891304 0.853658
vt 0.913043 0.853658
vt 0.934783 0.853658
vt 0.956522 0.853658
vt 0.000000 0.829268
vt 0.021739 0.829268
vt 0.043478 0.829268
vt 0.065217 0.829268
vt 0.086957 0.829268
vt 0.108696 0.829268
vt 0.130435 0.829268
vt 0.152174 0.829268
vt 0.173913 0.829268
vt 0.195652 0.829268
vt 0.217391 0.829268
vt 0.239130 0.829268
vt 0.260870 0.829268
vt 0.282609 0.829268
vt 0.304348 0.829268
vt 0.326087 0.829268
vt 0.347826 0.829268
vt 0.369565 0.829268
vt 0.391304 0.829268
vt 0.413044 0.829268
vt 0.434783 0.829268
vt 0.456522 0.829268
vt 0.478261 0.829268
vt 0.500000 0.829268
vt 0.521739 0.829268
vt 0.543478 0.829268
vt 0.565217 0.829268
vt 0.586957 0.829268
vt 0.608696 0.829268
vt 0.630435 0.829268
vt 0.652174 0.829268
vt 0.673913 0.829268
vt 0.695652 0.829268
vt 0.717391 0.829268
vt 0.739130 0.829268
vt 0.760870 0.829268
vt 0.782609 0.829268
vt 0.804348 0.829268
vt 0.826087 0.829268
vt 0.847826 0.829268
vt 0.869565 0.829268
vt 0.891304 0.829268
vt 0.913043 0.829268
vt 0.934783 0.829268
vt 0.956522 0.829268
vt 0.000000 0.804878
vt 0.021739 0.804878
vt 0.043478 0.804878
vt 0.065217 0.804878
vt 0.086957 0.804878
vt 0.108696 0.804878
vt 0.130435 0.804878
vt 0.152174 0.804878
vt 0.173913 0.804878
vt 0.195652 0.804878
vt 0.217391 0.804878
vt 0.239130 0.804878
vt 0.260870 0.804878
vt 0.282609 0.804878
vt 0.304348 0.804878
vt 0.326087 0.804878
vt 0.347826 0.804878
vt 0.369565 0.804878
vt 0.391304 0.804878
vt 0.413044 0.804878
vt 0.434783 0.804878
vt 0.456522 0.804878
vt 0.478261 0.804878
vt 0.500000 0.804878
vt 0.521739 0.804878
vt 0.543478 0.804878
vt 0.565217 0.804878
vt 0.586957 0.804878
vt 0.608696 0.804878
vt 0.630435 0.804878
vt 0.652174 0.804878
vt 0.673913 0.804878
vt 0.695652 0.804878
vt 0.717391 0.804878
vt 0.739130 0.804878
vt 0.760870 0.804878
vt 0.782609 0.804878
vt 0.804348 0.804878
vt 0.826087 0.804878
vt 0.847826 0.804878
vt 0.869565 0.804878
vt 0.891304 0.804878
vt 0.913043 0.804878
vt 0.934783 0.804878
vt 0.956522 0.804878
vt 0.000000 0.780488
vt 0.021739 0.780488
vt 0.043478 0.780488
vt 0.065217 0.780488
vt 0.086957 0.780488
vt 0.108696 0.780488
vt 0.130435 0.780488
vt 0.152174 0.780488
vt 0.173913 0.780488
vt 0.195652 0.780488
vt 0.217391 0.780488
vt 0.239130 0.780488
vt 0.260870 0.780488
vt 0.282609 0.780488
vt 0.304348 0.780488
vt 0.326087 0.780488
vt 0.347826 0.780488
vt 0.369565 0.780488
vt 0.391304 0.780488
vt 0.413044 0.780488
vt 0.434783 0.780488
vt 0.456522 0.780488
vt 0.478261 0.780488
vt 0.500000 0.780488
vt 0.521739 0.780488
vt 0.543478 0.780488
vt 0.565217 0.780488
vt 0.586957 0.780488
vt 0.608696 0.780488
vt 0.630435 0.780488
vt 0.652174 0.780488
vt 0.673913 0.780488
vt 0.695652 0.780488
vt 0.717391 0.780488
vt 0.739130 0.780488
vt 0.760870 0.780488
vt 0.782609 0.780488
vt 0.804348 0.780488
vt 0.826087 0.780488
vt 0.847826 0.780488
vt 0.869565 0.780488
vt 0.891304 0.780488
vt 0.913043 0.780488
vt 0.934783 0.780488
vt 0.956522 0.780488
vt 0.000000 0.756098
vt 0.021739 0.756098
vt 0.043478 0.756098
vt 0.065217 0.756098
vt 0.086957 0.756098
vt 0.108696 0.756098
vt 0.130435 0.756098
vt 0.152174 0.756098
vt 0.173913 0.756097
vt 0.195652 0.756097
vt 0.217391 0.756097
vt 0.239130 0.756098
vt 0.260870 0.756098
vt 0.282609 0.756097
vt 0.304348 0.756097
vt 0.326087 0.756097
vt 0.347826 0.756097
vt 0.369565 0.756097
vt 0.391304 0.756097
vt 0.413044 0.756097
vt 0.434783 0.756097
vt 0.456522 0.756097
vt 0.478261 0.756097
vt 0.500000 0.756097
vt 0.521739 0.756097
vt 0.543478 0.756097
vt 0.565217 0.756097
vt 0.586957 0.756097
vt 0.608696 0.756097
vt 0.630435 0.756097
vt 0.652174 0.756097
vt 0.673913 0.756097
vt 0.695652 0.756097
vt 0.717391 0.756097
vt 0.739130 0.756097
vt 0.760870 0.756097
vt 0.782609 0.756097
vt 0.804348 0.756097
vt 0.826087 0.756097
vt 0.847826 0.756097
vt 0.869565 0.756097
vt 0.891304 0.756097
vt 0.913043 0.756097
vt 0.934783 0.756097
vt 0.956522 0.756097
vt 0.000000 0.731707
vt 0.021739 0.731707
vt 0.043478 0.731707
vt 0.065217 0.731707
vt 0.086957 0.731707
vt 0.108696 0.731707
vt 0.130435 0.731707
vt 0.152174 0.731707
vt 0.173913 0.731707
vt 0.195652 0.731707
vt 0.217391 0.731707
vt 0.239130 0.731707
vt 0.260870 0.731707
vt 0.282609 0.731707
vt 0.304348 0.731707
vt 0.326087 0.731707
vt 0.347826 0.731707
vt 0.369565 0.731707
vt 0.391304 0.731707
vt 0.413044 0.731707
vt 0.434783 0.731707
vt 0.456522 0.731707
vt 0.478261 0.731707
vt 0.500000 0.731707
vt 0.521739 0.731707
vt 0.543478 0.731707
vt 0.565217 0.731707
vt 0.586957 0.731707
vt 0.608696 0.731707
vt 0.630435 0.731707
vt 0.652174 0.731707
vt 0.673913 0.731707
vt 0.695652 0.731707
vt 0.717391 0.731707
vt 0.739130 0.731707
vt 0.760870 0.731707
vt 0.782609 0.731707
vt 0.804348 0.731707
vt 0.826087 0.731707
vt 0.847826 0.731707
vt 0.869565 0.731707
vt 0.891304 0.731707
vt 0.913043 0.731707
vt 0.934783 0.731707
vt 0.956522 0.731707
vt 0.000000 0.707317
vt 0.021739 0.707317
vt 0.043478 0.707317
vt 0.065217 0.707317
vt 0.086957 0.707317
vt 0.108696 0.707317
vt 0.130435 0.707317
vt 0.152174 0.707317
vt 0.173913 0.707317
vt 0.195652 0.707317
vt 0.217391 0.707317
vt 0.239130 0.707317
vt 0.260870 0.707317
vt 0.282609 0.707317
vt 0.304348 0.707317
vt 0.326087 0.707317
vt 0.347826 0.707317
vt 0.369565 0.707317
vt 0.391304 0.707317
vt 0.413044 0.707317
vt 0.434783 0.707317
vt 0.456522 0.707317
vt 0.478261 0.707317
vt 0.500000 0.707317
vt 0.521739 0.707317
vt 0.543478 0.707317
vt 0.565217 0.707317
vt 0.586957 0.707317
vt 0.608696 0.707317
vt 0.630435 0.707317
vt 0.652174 0.707317
vt 0.673913 0.707317
vt 0.695652 0.707317
vt 0.717391 0.707317
vt 0.739130 0.707317
vt 0.760870 0.707317
vt 0.782609 0.707317
vt 0.804348 0.707317
vt 0.826087 0.707317
vt 0.847826 0.707317
vt 0.869565 0.707317
vt 0.891304 0.707317
vt 0.913043 0.707317
vt 0.934783 0.707317
vt 0.956522 0.707317
vt 0.000000 0.682927
vt 0.021739 0.682927
vt 0.043478 0.682927
vt 0.065217 0.682927
vt 0.086957 0.682927
vt 0.108696 0.682927
vt 0.130435 0.682927
vt 0.152174 0.682927
vt 0.173913 0.682927
vt 0.195652 0.682927
vt 0.217391 0.682927
vt 0.239130 0.682927
vt 0.260870 0.682927
vt 0.282609 0.682927
vt 0.304348 0.682927
vt 0.326087 0.682927
vt 0.347826 0.682927
vt 0.369565 0.682927
vt 0.391304 0.682927
vt 0.413044 0.682927
vt 0.434783 0.682927
vt 0.456522 0.682927
vt 0.478261 0.682927
vt 0.500000 0.682927
vt 0.521739 0.682927
vt 0.543478 0.682927
vt 0.565217 0.682927
vt 0.586957 0.682927
vt 0.608696 0.682927
vt 0.630435 0.682927
vt 0.652174 0.682927
vt 0.673913 0.682927
vt 0.695652 0.682927
vt 0.717391 0.682927
vt 0.739130 0.682927
vt 0.760870 0.682927
vt 0.782609 0.682927
vt 0.804348 0.682927
vt 0.826087 0.682927
vt 0.847826 0.682927
vt 0.869565 0.682927
vt 0.891304 0.682927
vt 0.913043 0.682927
vt 0.934783 0.682927
vt 0.956522 0.682927
vt 0.000000 0.658537
vt 0.021739 0.658537
vt 0.043478 0.658537
vt 0.065217 0.658537
vt 0.086957 0.658537
vt 0.108696 0.658537
vt 0.130435 0.658537
vt 0.152174 0.658536
vt 0.173913 0.658536
vt 0.195652 0.658536
vt 0.217391 0.658536
vt 0.239130 0.658536
vt 0.260870 0.658536
vt 0.282609 0.658536
vt 0.304348 0.658536
vt 0.326087 0.658536
vt 0.347826 0.658536
vt 0.369565 0.658536
vt 0.391304 0.658536
vt 0.413044 0.658536
vt 0.434783 0.658536
vt 0.456522 0.658536
vt 0.478261 0.658536
vt 0.500000 0.658536
vt 0.521739 0.658536
vt 0.543478 0.658536
vt 0.565217 0.658536
vt 0.586957 0.658536
vt 0.608696 0.658536
vt 0.630435 0.658536
vt 0.652174 0.658536
vt 0.673913 0.658536
vt 0.695652 0.658536
vt 0.717391 0.658536
vt 0.739130 0.658537
vt 0.760870 0.658537
vt 0.782609 0.658537
vt 0.804348 0.658536
vt 0.826087 0.658536
vt 0.847826 0.658536
vt 0.869565 0.658536
vt 0.891304 0.658536
vt 0.913043 0.658536
vt 0.934783 0.658536
vt 0.956522 0.658536
vt 0.000000 0.634146
vt 0.021739 0.634146
vt 0.043478 0.634146
vt 0.065217 0.634146
vt 0.086957 0.634146
vt 0.108696 0.634146
vt 0.130435 0.634146
vt 0.152174 0.634146
vt 0.173913 0.634146
vt 0.195652 0.634146
vt 0.217391 0.634146
vt 0.239130 0.634146
vt 0.260870 0.634146
vt 0.282609 0.634146
vt 0.304348 0.634146
vt 0.326087 0.634146
vt 0.347826 0.634146
vt 0.369565 0.634146
vt 0.391304 0.634146
vt 0.413044 0.634146
vt 0.434783 0.634146
vt 0.456522 0.634146
vt 0.478261 0.634146
vt 0.500000 0.634146
vt 0.521739 0.634146
vt 0.543478 0.634146
vt 0.565217 0.634146
vt 0.586957 0.634146
vt 0.608696 0.634146
vt 0.630435 0.634146
vt 0.652174 0.634146
vt 0.673913 0.634146
vt 0.695652 0.634146
vt 0.717391 0.634146
vt 0.739130 0.634146
vt 0.760870 0.634146
vt 0.782609 0.634146
vt 0.804348 0.634146
vt 0.826087 0.634146
vt 0.847826 0.634146
vt 0.869565 0.634146
vt 0.891304 0.634146
vt 0.913043 0.634146
vt 0.934783 0.634146
vt 0.956522 0.634146
vt 0.000000 0.609756
vt 0.021739 0.609756
vt 0.043478 0.609756
vt 0.065217 0.609756
vt 0.086957 0.609756
vt 0.108696 0.609756
vt 0.130435 0.609756
vt 0.152174 0.609756
vt 0.173913 0.609756
vt 0.195652 0.609756
vt 0.217391 0.609756
vt 0.239130 0.609756
vt 0.260870 0.609756
vt 0.282609 0.609756
vt 0.304348 0.609756
vt 0.326087 0.609756
vt 0.347826 0.609756
vt 0.369565 0.609756
vt 0.391304 0.609756
vt 0.413044 0.609756
vt 0.434783 0.609756
vt 0.456522 0.609756
vt 0.478261 0.609756
vt 0.500000 0.609756
vt 0.521739 0.609756
vt 0.543478 0.609756
vt 0.565217 0.609756
vt 0.586957 0.609756
vt 0.608696 0.609756
vt 0.630435 0.609756
vt 0.652174 0.609756
vt 0.673913 0.609756
vt 0.695652 0.609756
vt 0.717391 0.609756
vt 0.739130 0.609756
vt 0.760870 0.609756
vt 0.782609 0.609756
vt 0.804348 0.609756
vt 0.826087 0.609756
vt 0.847826 0.609756
vt 0.869565 0.609756
vt 0.891304 0.609756
vt 0.913043 0.609756
vt 0.934783 0.609756
vt 0.956522 0.609756
vt 0.000000 0.585366
vt 0.021739 0.585366
vt 0.043478 0.585366
vt 0.065217 0.585366
vt 0.086957 0.585366
vt 0.108696 0.585366
vt 0.130435 0.585366
vt 0.152174 0.585366
vt 0.173913 0.585366
vt 0.195652 0.585366
vt 0.217391 0.585366
vt 0.239130 0.585366
vt 0.260870 0.585366
vt 0.282609 0.585366
vt 0.304348 0.585366
vt 0.326087 0.585366
vt 0.347826 0.585366
vt 0.369565 0.585366
vt 0.391304 0.585366
vt 0.413044 0.585366
vt 0.434783 0.585366
vt 0.456522 0.585366
vt 0.478261 0.585366
vt 0.500000 0.585366
vt 0.521739 0.585366
vt 0.543478 0.585366
vt 0.565217 0.585366
vt 0.586957 0.585366
vt 0.608696 0.585366
vt 0.630435 0.585366
vt 0.652174 0.585366
vt 0.673913 0.585366
vt 0.695652 0.585366
vt 0.717391 0.585366
vt 0.739130 0.585366
vt 0.760870 0.585366
vt 0.782609 0.585366
vt 0.804348 0.585366
vt 0.826087 0.585366
vt 0.847826 0.585366
vt 0.869565 0.585366
vt 0.891304 0.585366
vt 0.913043 0.585366
vt 0.934783 0.585366
vt 0.956522 0.585366
vt 0.000000 0.560976
vt 0.021739 0.560976
vt 0.043478 0.560976
vt 0.065217 0.560976
vt 0.086957 0.560976
vt 0.108696 0.560976
vt 0.130435 0.560976
vt 0.152174 0.560976
vt 0.173913 0.560976
vt 0.195652 0.560976
vt 0.217391 0.560976
vt 0.239130 0.560976
vt 0.260870 0.560976
vt 0.282609 0.560976
vt 0.304348 0.560976
vt 0.326087 0.560976
vt 0.347826 0.560975
vt 0.369565 0.560975
vt 0.391304 0.560975
vt 0.413044 0.560975
vt 0.434783 0.560975
vt 0.456522 0.560975
vt 0.478261 0.560975
vt 0.500000 0.560975
vt 0.521739 0.560975
vt 0.543478 0.560975
vt 0.565217 0.560975
vt 0.586957 0.560975
vt 0.608696 0.560975
vt 0.630435 0.560975
vt 0.652174 0.560975
vt 0.673913 0.560975
vt 0.695652 0.560975
vt 0.717391 0.560975
vt 0.739130 0.560975
vt 0.760870 0.560975
vt 0.782609 0.560975
vt 0.804348 0.560975
vt 0.826087 0.560975
vt 0.847826 0.560975
vt 0.869565 0.560975
vt 0.891304 0.560975
vt 0.913043 0.560975
vt 0.934783 0.560975
vt 0.956522 0.560975
vt 0.000000 0.536585
vt 0.021739 0.536585
vt 0.043478 0.536585
vt 0.065217 0.536585
vt 0.086957 0.536585
vt 0.108696 0.536585
vt 0.130435 0.536585
vt 0.152174 0.536585
vt 0.173913 0.536585
vt 0.195652 0.536585
vt 0.217391 0.536585
vt 0.239130 0.536585
vt 0.260870 0.536585
vt 0.282609 0.536585
vt 0.304348 0.536585
vt 0.326087 0.536585
vt 0.347826 0.536585
vt 0.369565 0.536585
vt 0.391304 0.536585
vt 0.413044 0.536585
vt 0.434783 0.536585
vt 0.456522 0.536585
vt 0.478261 0.536585
vt 0.500000 0.536585
vt 0.521739 0.536585
vt 0.543478 0.536585
vt 0.565217 0.536585
vt 0.586957 0.536585
vt 0.608696 0.536585
vt 0.630435 0.536585
vt 0.652174 0.536585
vt 0.673913 0.536585
vt 0.695652 0.536585
vt 0.717391 0.536585
vt 0.739130 0.536585
vt 0.760870 0.536585
vt 0.782609 0.536585
vt 0.804348 0.536585
vt 0.826087 0.536585
vt 0.847826 0.536585
vt 0.869565 0.536585
vt 0.891304 0.536585
vt 0.913043 0.536585
vt 0.934783 0.536585
vt 0.956522 0.536585
vt 0.000000 0.512195
vt 0.021739 0.512195
vt 0.043478 0.512195
vt 0.065217 0.512195
vt 0.086957 0.512195
vt 0.108696 0.512195
vt 0.130435 0.512195
vt 0.152174 0.512195
vt 0.173913 0.512195
vt 0.195652 0.512195
vt 0.217391 0.512195
vt 0.239130 0.512195
vt 0.260870 0.512195
vt 0.282609 0.512195
vt 0.304348 0.512195
vt 0.326087 0.512195
vt 0.347826 0.512195
vt 0.369565 0.512195
vt 0.391304 0.512195
vt 0.413044 0.512195
vt 0.434783 0.512195
vt 0.456522 0.512195
vt 0.478261 0.512195
vt 0.500000 0.512195
vt 0.521739 0.512195
vt 0.543478 0.512195
vt 0.565217 0.512195
vt 0.586957 0.512195
vt 0.608696 0.512195
vt 0.630435 0.512195
vt 0.652174 0.512195
vt 0.673913 0.512195
vt 0.695652 0.512195
vt 0.717391 0.512195
vt 0.739130 0.512195
vt 0.760870 0.512195
vt 0.782609 0.512195
vt 0.804348 0.512195
vt 0.826087 0.512195
vt 0.847826 0.512195
vt 0.869565 0.512195
vt 0.891304 0.512195
vt 0.913043 0.512195
vt 0.934783 0.512195
vt 0.956522 0.512195
vt 0.000000 0.487805
vt 0.021739 0.487805
vt 0.043478 0.487805
vt 0.065217 0.487805
vt 0.086957 0.487805
vt 0.108696 0.487805
vt 0.130435 0.487805
vt 0.152174 0.487805
vt 0.173913 0.487805
vt 0.195652 0.487805
vt 0.217391 0.487805
vt 0.239130 0.487805
vt 0.260870 0.487805
vt 0.282609 0.487805
vt 0.304348 0.487805
vt 0.326087 0.487805
vt 0.347826 0.487805
vt 0.369565 0.487805
vt 0.391304 0.487805
vt 0.413044 0.487805
vt 0.434783 0.487805
vt 0.456522 0.487805
vt 0.478261 0.487805
vt 0.500000 0.487805
vt 0.521739 0.487805
vt 0.543478 0.487805
vt 0.565217 0.487805
vt 0.586957 0.487805
vt 0.608696 0.487805
vt 0.630435 0.487805
vt 0.652174 0.487805
vt 0.673913 0.487805
vt 0.695652 0.487805
vt 0.717391 0.487805
vt 0.739130 0.487805
vt 0.760870 0.487805
vt 0.782609 0.487805
vt 0.804348 0.487805
vt 0.826087 0.487805
vt 0.847826 0.487805
vt 0.869565 0.487805
vt 0.891304 0.487805
vt 0.913043 0.487805
vt 0.934783 0.487805
vt 0.956522 0.487805
vt 0.000000 0.463415
vt 0.021739 0.463415
vt 0.043478 0.463415
vt 0.065217 0.463415
vt 0.086957 0.463415
vt 0.108696 0.463415
vt 0.130435 0.463415
vt 0.152174 0.463415
vt 0.173913 0.463415
vt 0.195652 0.463414
vt 0.217391 0.463414
vt 0.239130 0.463414
vt 0.260870 0.463414
vt 0.282609 0.463414
vt 0.304348 0.463414
vt 0.326087 0.463414
vt 0.347826 0.463414
vt 0.369565 0.463414
vt 0.391304 0.463415
vt 0.413044 0.463414
vt 0.434783 0.463414
vt 0.456522 0.463414
vt 0.478261 0.463414
vt 0.500000 0.463414
vt 0.521739 0.463414
vt 0.543478 0.463415
vt 0.565217 0.463415
vt 0.586957 0.463414
vt 0.608696 0.463414
vt 0.630435 0.463414
vt 0.652174 0.463415
vt 0.673913 0.463415
vt 0.695652 0.463415
vt 0.717391 0.463415
vt 0.739130 0.463415
vt 0.760870 0.463415
vt 0.782609 0.463415
vt 0.804348 0.463415
vt 0.826087 0.463415
vt 0.847826 0.463415
vt 0.869565 0.463415
vt 0.891304 0.463415
vt 0.913043 0.463415
vt 0.934783 0.463415
vt 0.956522 0.463415
vt 0.000000 0.439024
vt 0.021739 0.439024
vt 0.043478 0.439024
vt 0.065217 0.439024
vt 0.086957 0.439024
vt 0.108696 0.439024
vt 0.130435 0.439024
vt 0.152174 0.439024
vt 0.173913 0.439024
vt 0.195652 0.439024
vt 0.217391 0.439024
vt 0.239130 0.439024
vt 0.260870 0.439024
vt 0.282609 0.439024
vt 0.304348 0.439024
vt 0.326087 0.439024
vt 0.347826 0.439024
vt 0.369565 0.439024
vt 0.391304 0.439024
vt 0.413044 0.439024
vt 0.434783 0.439024
vt 0.456522 0.439024
vt 0.478261 0.439024
vt 0.500000 0.439024
vt 0.521739 0.439024
vt 0.543478 0.439024
vt 0.565217 0.439024
vt 0.586957 0.439024
vt 0.608696 0.439024
vt 0.630435 0.439024
vt 0.652174 0.439024
vt 0.673913 0.439024
vt 0.695652 0.439024
vt 0.717391 0.439024
vt 0.739130 0.439024
vt 0.760870 0.439024
vt 0.782609 0.439024
vt 0.804348 0.439024
vt 0.826087 0.439024
vt 0.847826 0.439024
vt 0.869565 0.439024
vt 0.891304 0.439024
vt 0.913043 0.439024
vt 0.934783 0.439024
vt 0.956522 0.439024
vt 0.000000 0.414634
vt 0.021739 0.414634
vt 0.043478 0.414634
vt 0.065217 0.414634
vt 0.086957 0.414634
vt 0.108696 0.414634
vt 0.130435 0.414634
vt 0.152174 0.414634
vt 0.173913 0.414634
vt 0.195652 0.414634
vt 0.217391 0.414634
vt 0.239130 0.414634
vt 0.260870 0.414634
vt 0.282609 0.414634
vt 0.304348 0.414634
vt 0.326087 0.414634
vt 0.347826 0.414634
vt 0.369565 0.414634
vt 0.391304 0.414634
vt 0.413044 0.414634
vt 0.434783 0.414634
vt 0.456522 0.414634
vt 0.478261 0.414634
vt 0.500000 0.414634
vt 0.521739 0.414634
vt 0.543478 0.414634
vt 0.565217 0.414634
vt 0.586957 0.414634
vt 0.608696 0.414634
vt 0.630435 0.414634
vt 0.652174 0.414634
vt 0.673913 0.414634
vt 0.695652 0.414634
vt 0.717391 0.414634
vt 0.739130 0.414634
vt 0.760870 0.414634
vt 0.782609 0.414634
vt 0.804348 0.414634
vt 0.826087 0.414634
vt 0.847826 0.414634
vt 0.869565 0.414634
vt 0.891304 0.414634
vt 0.913043 0.414634
vt 0.934783 0.414634
vt 0.956522 0.414634
vt 0.000000 0.390244
vt 0.021739 0.390244
vt 0.043478 0.390244
vt 0.065217 0.390244
vt 0.086957 0.390244
vt 0.108696 0.390244
vt 0.130435 0.390244
vt 0.152174 0.390244
vt 0.173913 0.390244
vt 0.195652 0.390244
vt 0.217391 0.390244
vt 0.239130 0.390244
vt 0.260870 0.390244
vt 0.282609 0.390244
vt 0.304348 0.390244
vt 0.326087 0.390244
vt 0.347826 0.390244
vt 0.369565 0.390244
vt 0.391304 0.390244
vt 0.413044 0.390244
vt 0.434783 0.390244
vt 0.456522 0.390244
vt 0.478261 0.390244
vt 0.500000 0.390244
vt 0.521739 0.390244
vt 0.543478 0.390244
vt 0.565217 0.390244
vt 0.586957 0.390244
vt 0.608696 0.390244
vt 0.630435 0.390244
vt 0.652174 0.390244
vt 0.673913 0.390244
vt 0.695652 0.390244
vt 0.717391 0.390244
vt 0.739130 0.390244
vt 0.760870 0.390244
vt 0.782609 0.390244
vt 0.804348 0.390244
vt 0.826087 0.390244
vt 0.847826 0.390244
vt 0.869565 0.390244
vt 0.891304 0.390244
vt 0.913043 0.390244
vt 0.934783 0.390244
vt 0.956522 0.390244
vt 0.000000 0.365854
vt 0.021739 0.365854
vt 0.043478 0.365854
vt 0.065217 0.365854
vt 0.086957 0.365854
vt 0.108696 0.365854
vt 0.130435 0.365854
vt 0.152174 0.365854
vt 0.173913 0.365854
vt 0.195652 0.365854
vt 0.217391 0.365854
vt 0.239130 0.365854
vt 0.260870 0.365854
vt 0.282609 0.365854
vt 0.304348 0.365854
vt 0.326087 0.365854
vt 0.347826 0.365853
vt 0.369565 0.365853
vt 0.391304 0.365854
vt 0.413044 0.365853
vt 0.434783 0.365853
vt 0.456522 0.365853
vt 0.478261 0.365854
vt 0.500000 0.365853
vt 0.521739 0.365854
vt 0.543478 0.365854
vt 0.565217 0.365854
vt 0.586957 0.365854
vt 0.608696 0.365854
vt 0.630435 0.365854
vt 0.652174 0.365854
vt 0.673913 0.365854
vt 0.695652 0.365854
vt 0.717391 0.365854
vt 0.739130 0.365854
vt 0.760870 0.365854
vt 0.782609 0.365854
vt 0.804348 0.365854
vt 0.826087 0.365854
vt 0.847826 0.365854
vt 0.869565 0.365854
vt 0.891304 0.365854
vt 0.913043 0.365854
vt 0.934783 0.365854
vt 0.956522 0.365854
vt 0.000000 0.341463
vt 0.021739 0.341463
vt 0.043478 0.341463
vt 0.065217 0.341463
vt 0.086957 0.341463
vt 0.108696 0.341463
vt 0.130435 0.341463
vt 0.152174 0.341463
vt 0.173913 0.341463
vt 0.195652 0.341463
vt 0.217391 0.341463
vt 0.239130 0.341463
vt 0.260870 0.341463
vt 0.282609 0.341463
vt 0.304348 0.341463
vt 0.326087 0.341463
vt 0.347826 0.341463
vt 0.369565 0.341463
vt 0.391304 0.341463
vt 0.413044 0.341463
vt 0.434783 0.341463
vt 0.456522 0.341463
vt 0.478261 0.341463
vt 0.500000 0.341463
vt 0.521739 0.341463
vt 0.543478 0.341463
vt 0.565217 0.341463
vt 0.586957 0.341463
vt 0.608696 0.341463
vt 0.630435 0.341463
vt 0.652174 0.341463
vt 0.673913 0.341463
vt 0.695652 0.341463
vt 0.717391 0.341463
vt 0.739130 0.341463
vt 0.760870 0.341463
vt 0.782609 0.341463
vt 0.804348 0.341463
vt 0.826087 0.341463
vt 0.847826 0.341463
vt 0.869565 0.341463
vt 0.891304 0.341463
vt 0.913043 0.341463
vt 0.934783 0.341463
vt 0.956522 0.341463
vt 0.000000 0.317073
vt 0.021739 0.317073
vt 0.043478 0.317073
vt 0.065217 0.317073
vt 0.086957 0.317073
vt 0.108696 0.317073
vt 0.130435 0.317073
vt 0.152174 0.317073
vt 0.173913 0.317073
vt 0.195652 0.317073
vt 0.217391 0.317073
vt 0.239130 0.317073
vt 0.260870 0.317073
vt 0.282609 0.317073
vt 0.304348 0.317073
vt 0.326087 0.317073
vt 0.347826 0.317073
vt 0.369565 0.317073
vt 0.391304 0.317073
vt 0.413044 0.317073
vt 0.434783 0.317073
vt 0.456522 0.317073
vt 0.478261 0.317073
vt 0.500000 0.317073
vt 0.521739 0.317073
vt 0.543478 0.317073
vt 0.565217 0.317073
vt 0.586957 0.317073
vt 0.608696 0.317073
vt 0.630435 0.317073
vt 0.652174 0.317073
vt 0.673913 0.317073
vt 0.695652 0.317073
vt 0.717391 0.317073
vt 0.739130 0.317073
vt 0.760870 0.317073
vt 0.782609 0.317073
vt 0.804348 0.317073
vt 0.826087 0.317073
vt 0.847826 0.317073
vt 0.869565 0.317073
vt 0.891304 0.317073
vt 0.913043 0.317073
vt 0.934783 0.317073
vt 0.956522 0.317073
vt 0.000000 0.292683
vt 0.021739 0.292683
vt 0.043478 0.292683
vt 0.065217 0.292683
vt 0.086957 0.292683
vt 0.108696 0.292683
vt 0.130435 0.292683
vt 0.152174 0.292683
vt 0.173913 0.292683
vt 0.195652 0.292683
vt 0.217391 0.292683
vt 0.239130 0.292683
vt 0.260870 0.292683
vt 0.282609 0.292683
vt 0.304348 0.292683
vt 0.326087 0.292683
vt 0.347826 0.292683
vt 0.369565 0.292683
vt 0.391304 0.292683
vt 0.413044 0.292683
vt 0.434783 0.292683
vt 0.456522 0.292683
vt 0.478261 0.292683
vt 0.500000 0.292683
vt 0.521739 0.292683
vt 0.543478 0.292683
vt 0.565217 0.292683
vt 0.586957 0.292683
vt 0.608696 0.292683
vt 0.630435 0.292683
vt 0.652174 0.292683
vt 0.673913 0.292683
vt 0.695652 0.292683
vt 0.717391 0.292683
vt 0.739130 0.292683
vt 0.760870 0.292683
vt 0.782609 0.292683
vt 0.804348 0.292683
vt 0.826087 0.292683
vt 0.847826 0.292683
vt 0.869565 0.292683
vt 0.891304 0.292683
vt 0.913043 0.292683
vt 0.934783 0.292683
vt 0.956522 0.292683
vt 0.000000 0.268293
vt 0.021739 0.268293
vt 0.043478 0.268293
vt 0.065217 0.268293
vt 0.086957 0.268293
vt 0.108696 0.268293
vt 0.130435 0.268293
vt 0.152174 0.268293
vt 0.173913 0.268293
vt 0.195652 0.268293
vt 0.217391 0.268293
vt 0.239130 0.268293
vt 0.260870 0.268293
vt 0.282609 0.268293
vt 0.304348 0.268293
vt 0.326087 0.268293
vt 0.347826 0.268293
vt 0.369565 0.268293
vt 0.391304 0.268293
vt 0.413044 0.268293
vt 0.434783 0.268293
vt 0.456522 0.268293
vt 0.478261 0.268293
vt 0.500000 0.268293
vt 0.521739 0.268293
vt 0.543478 0.268293
vt 0.565217 0.268293
vt 0.586957 0.268293
vt 0.608696 0.268293
vt 0.630435 0.268293
vt 0.652174 0.268293
vt 0.673913 0.268293
vt 0.695652 0.268293
vt 0.717391 0.268293
vt 0.739130 0.268293
vt 0.760870 0.268293
vt 0.782609 0.268293
vt 0.804348 0.268293
vt 0.826087 0.268293
vt 0.847826 0.268293
vt 0.869565 0.268293
vt 0.891304 0.268293
vt 0.913043 0.268293
vt 0.934783 0.268293
vt 0.956522 0.268293
vt 0.000000 0.243902
vt 0.021739 0.243902
vt 0.043478 0.243902
vt 0.065217 0.243902
vt 0.086957 0.243902
vt 0.108696 0.243902
vt 0.130435 0.243902
vt 0.152174 0.243902
vt 0.173913 0.243902
vt 0.195652 0.243902
vt 0.217391 0.243902
vt 0.239130 0.243902
vt 0.260870 0.243902
vt 0.282609 0.243902
vt 0.304348 0.243902
vt 0.326087 0.243902
vt 0.347826 0.243902
vt 0.369565 0.243902
vt 0.391304 0.243902
vt 0.413044 0.243902
vt 0.434783 0.243902
vt 0.456522 0.243902
vt 0.478261 0.243902
vt 0.500000 0.243902
vt 0.521739 0.243902
vt 0.543478 0.243902
vt 0.565217 0.243902
vt 0.586957 0.243902
vt 0.608696 0.243902
vt 0.630435 0.243902
vt 0.652174 0.243902
vt 0.673913 0.243902
vt 0.695652 0.243902
vt 0.717391 0.243902
vt 0.739130 0.243902
vt 0.760870 0.243902
vt 0.782609 0.243902
vt 0.804348 0.243902
vt 0.826087 0.243902
vt 0.847826 0.243902
vt 0.869565 0.243902
vt 0.891304 0.243902
vt 0.913043 0.243902
vt 0.934783 0.243902
vt 0.956522 0.243902
vt 0.000000 0.219512
vt 0.021739 0.219512
vt 0.043478 0.219512
vt 0.065217 0.219512
vt 0.086957 0.219512
vt 0.108696 0.219512
vt 0.130435 0.219512
vt 0.152174 0.219512
vt 0.173913 0.219512
vt 0.195652 0.219512
vt 0.217391 0.219512
vt 0.239130 0.219512
vt 0.260870 0.219512
vt 0.282609 0.219512
vt 0.304348 0.219512
vt 0.326087 0.219512
vt 0.347826 0.219512
vt 0.369565 0.219512
vt 0.391304 0.219512
vt 0.413044 0.219512
vt 0.434783 0.219512
vt 0.456522 0.219512
vt 0.478261 0.219512
vt 0.500000 0.219512
vt 0.521739 0.219512
vt 0.543478 0.219512
vt 0.565217 0.219512
vt 0.586957 0.219512
vt 0.608696 0.219512
vt 0.630435 0.219512
vt 0.652174 0.219512
vt 0.673913 0.219512
vt 0.695652 0.219512
vt 0.717391 0.219512
vt 0.739130 0.219512
vt 0.760870 0.219512
vt 0.782609 0.219512
vt 0.804348 0.219512
vt 0.826087 0.219512
vt 0.847826 0.219512
vt 0.869565 0.219512
vt 0.891304 0.219512
vt 0.913043 0.219512
vt 0.934783 0.219512
vt 0.956522 0.219512
vt 0.000000 0.195122
vt 0.021739 0.195122
vt 0.043478 0.195122
vt 0.065217 0.195122
vt 0.086957 0.195122
vt 0.108696 0.195122
vt 0.130435 0.195122
vt 0.152174 0.195122
vt 0.173913 0.195122
vt 0.195652 0.195122
vt 0.217391 0.195122
vt 0.239130 0.195122
vt 0.260870 0.195122
vt 0.282609 0.195122
vt 0.304348 0.195122
vt 0.326087 0.195122
vt 0.347826 0.195122
vt 0.369565 0.195122
vt 0.391304 0.195122
vt 0.413044 0.195122
vt 0.434783 0.195122
vt 0.456522 0.195122
vt 0.478261 0.195122
vt 0.500000 0.195122
vt 0.521739 0.195122
vt 0.543478 0.195122
vt 0.565217 0.195122
vt 0.586957 0.195122
vt 0.608696 0.195122
vt 0.630435 0.195122
vt 0.652174 0.195122
vt 0.673913 0.195122
vt 0.695652 0.195122
vt 0.717391 0.195122
vt 0.739130 0.195122
vt 0.760870 0.195122
vt 0.782609 0.195122
vt 0.804348 0.195122
vt 0.826087 0.195122
vt 0.847826 0.195122
vt 0.869565 0.195122
vt 0.891304 0.195122
vt 0.913043 0.195122
vt 0.934783 0.195122
vt 0.956522 0.195122
vt 0.000000 0.170732
vt 0.021739 0.170732
vt 0.043478 0.170732
vt 0.065217 0.170732
vt 0.086957 0.170732
vt 0.108696 0.170732
vt 0.130435 0.170732
vt 0.152174 0.170732
vt 0.173913 0.170732
vt 0.195652 0.170732
vt 0.217391 0.170732
vt 0.239130 0.170732
vt 0.260870 0.170732
vt 0.282609 0.170732
vt 0.304348 0.170732
vt 0.326087 0.170732
vt 0.347826 0.170732
vt 0.369565 0.170732
vt 0.391304 0.170732
vt 0.413044 0.170732
vt 0.434783 0.170732
vt 0.456522 0.170732
vt 0.478261 0.170732
vt 0.500000 0.170732
vt 0.521739 0.170732
vt 0.543478 0.170732
vt 0.565217 0.170732
vt 0.586957 0.170732
vt 0.608696 0.170732
vt 0.630435 0.170732
vt 0.652174 0.170732
vt 0.673913 0.170732
vt 0.695652 0.170732
vt 0.717391 0.170732
vt 0.739130 0.170732
vt 0.760870 0.170732
vt 0.782609 0.170732
vt 0.804348 0.170732
vt 0.826087 0.170732
vt 0.847826 0.170732
vt 0.869565 0.170732
vt 0.891304 0.170732
vt 0.913043 0.170732
vt 0.934783 0.170732
vt 0.956522 0.170732
vt 0.000000 0.146341
vt 0.021739 0.146341
vt 0.043478 0.146341
vt 0.065217 0.146341
vt 0.086957 0.146341
vt 0.108696 0.146341
vt 0.130435 0.146341
vt 0.152174 0.146341
vt 0.173913 0.146341
vt 0.195652 0.146341
vt 0.217391 0.146341
vt 0.239130 0.146341
vt 0.260870 0.146341
vt 0.282609 0.146341
vt 0.304348 0.146341
vt 0.326087 0.146341
vt 0.347826 0.146341
vt 0.369565 0.146341
vt 0.391304 0.146341
vt 0.413044 0.146341
vt 0.434783 0.146341
vt 0.456522 0.146341
vt 0.478261 0.146341
vt 0.500000 0.146341
vt 0.521739 0.146341
vt 0.543478 0.146341
vt 0.565217 0.146341
vt 0.586957 0.146341
vt 0.608696 0.146341
vt 0.630435 0.146341
vt 0.652174 0.146341
vt 0.673913 0.146341
vt 0.695652 0.146341
vt 0.717391 0.146341
vt 0.739130 0.146341
vt 0.760870 0.146341
vt 0.782609 0.146341
vt 0.804348 0.146341
vt 0.826087 0.146341
vt 0.847826 0.146341
vt 0.869565 0.146341
vt 0.891304 0.146341
vt 0.913043 0.146341
vt 0.934783 0.146341
vt 0.956522 0.146341
vt 0.000000 0.121951
vt 0.021739 0.121951
vt 0.043478 0.121951
vt 0.065217 0.121951
vt 0.086957 0.121951
vt 0.108696 0.121951
vt 0.130435 0.121951
vt 0.152174 0.121951
vt 0.173913 0.121951
vt 0.195652 0.121951
vt 0.217391 0.121951
vt 0.239130 0.121951
vt 0.260870 0.121951
vt 0.282609 0.121951
vt 0.304348 0.121951
vt 0.326087 0.121951
vt 0.347826 0.121951
vt 0.369565 0.121951
vt 0.391304 0.121951
vt 0.413044 0.121951
vt 0.434783 0.121951
vt 0.456522 0.121951
vt 0.478261 0.121951
vt 0.500000 0.121951
vt 0.521739 0.121951
vt 0.543478 0.121951
vt 0.565217 0.121951
vt 0.586957 0.121951
vt 0.608696 0.121951
vt 0.630435 0.121951
vt 0.652174 0.121951
vt 0.673913 0.121951
vt 0.695652 0.121951
vt 0.717391 0.121951
vt 0.739130 0.121951
vt 0.760870 0.121951
vt 0.782609 0.121951
vt 0.804348 0.121951
vt 0.826087 0.121951
vt 0.847826 0.121951
vt 0.869565 0.121951
vt 0.891304 0.121951
vt 0.913043 0.121951
vt 0.934783 0.121951
vt 0.956522 0.121951
vt 0.000000 0.097561
vt 0.021739 0.097561
vt 0.043478 0.097561
vt 0.065217 0.097561
vt 0.086957 0.097561
vt 0.108696 0.097561
vt 0.130435 0.097561
vt 0.152174 0.097561
vt 0.173913 0.097561
vt 0.195652 0.097561
vt 0.217391 0.097561
vt 0.239130 0.097561
vt 0.260870 0.097561
vt 0.282609 0.097561
vt 0.304348 0.097561
vt 0.326087 0.097561
vt 0.347826 0.097561
vt 0.369565 0.097561
vt 0.391304 0.097561
vt 0.413044 0.097561
vt 0.434783 0.097561
vt 0.456522 0.097561
vt 0.478261 0.097561
vt 0.500000 0.097561
vt 0.521739 0.097561
vt 0.543478 0.097561
vt 0.565217 0.097561
vt 0.586957 0.097561
vt 0.608696 0.097561
vt 0.630435 0.097561
vt 0.652174 0.097561
vt 0.673913 0.097561
vt 0.695652 0.097561
vt 0.717391 0.097561
vt 0.739130 0.097561
vt 0.760870 0.097561
vt 0.782609 0.097561
vt 0.804348 0.097561
vt 0.826087 0.097561
vt 0.847826 0.097561
vt 0.869565 0.097561
vt 0.891304 0.097561
vt 0.913043 0.097561
vt 0.934783 0.097561
vt 0.956522 0.097561
vt 0.000000 0.073171
vt 0.021739 0.073171
vt 0.043478 0.073171
vt 0.065217 0.073171
vt 0.086957 0.073171
vt 0.108696 0.073171
vt 0.130435 0.073171
vt 0.152174 0.073171
vt 0.173913 0.073171
vt 0.195652 0.073171
vt 0.217391 0.073171
vt 0.239130 0.073171
vt 0.260870 0.073171
vt 0.282609 0.073171
vt 0.304348 0.073171
vt 0.326087 0.073171
vt 0.347826 0.073171
vt 0.369565 0.073171
vt 0.391304 0.073171
vt 0.413044 0.073171
vt 0.434783 0.073171
vt 0.456522 0.073171
vt 0.478261 0.073171
vt 0.500000 0.073171
vt 0.521739 0.073171
vt 0.543478 0.073171
vt 0.565217 0.073171
vt 0.586957 0.073171
vt 0.608696 0.073171
vt 0.630435 0.073171
vt 0.652174 0.073171
vt 0.673913 0.073171
vt 0.695652 0.073171
vt 0.717391 0.073171
vt 0.739130 0.073171
vt 0.760870 0.073171
vt 0.782609 0.073171
vt 0.804348 0.073171
vt 0.826087 0.073171
vt 0.847826 0.073171
vt 0.869565 0.073171
vt 0.891304 0.073171
vt 0.913043 0.073171
vt 0.934783 0.073171
vt 0.956522 0.073171
vt 0.000000 0.048780
vt 0.021739 0.048780
vt 0.043478 0.048780
vt 0.065217 0.048780
vt 0.086957 0.048780
vt 0.108696 0.048780
vt 0.130435 0.048780
vt 0.152174 0.048780
vt 0.173913 0.048780
vt 0.195652 0.048780
vt 0.217391 0.048780
vt 0.239130 0.048780
vt 0.260870 0.048780
vt 0.282609 0.048780
vt 0.304348 0.048780
vt 0.326087 0.048780
vt 0.347826 0.048780
vt 0.369565 0.048780
vt 0.391304 0.048780
vt 0.413044 0.048780
vt 0.434783 0.048780
vt 0.456522 0.048780
vt 0.478261 0.048780
vt 0.500000 0.048780
vt 0.521739 0.048780
vt 0.543478 0.048780
vt 0.565217 0.048780
vt 0.586957 0.048780
vt 0.608696 0.048780
vt 0.630435 0.048780
vt 0.652174 0.048780
vt 0.673913 0.048780
vt 0.695652 0.048780
vt 0.717391 0.048780
vt 0.739130 0.048780
vt 0.760870 0.048780
vt 0.782609 0.048780
vt 0.804348 0.048780
vt 0.826087 0.048780
vt 0.847826 0.048780
vt 0.869565 0.048780
vt 0.891304 0.048780
vt 0.913043 0.048780
vt 0.934783 0.048780
vt 0.956522 0.048780
vn 0.0000 0.0000 -1.0000
vn 0.3815 0.5616 0.7342
vn 0.5888 0.5239 -0.6155
vn 0.6252 0.7742 0.0991
vn 0.2268 0.8042 -0.5494
vn 0.4731 0.5285 0.7049
vn 0.8079 0.5131 -0.2900
vn 0.5762 0.6503 -0.4951
vn 0.5405 0.5653 0.6231
vn 0.7648 0.6254 -0.1547
vn 0.4411 0.6980 -0.5642
vn 0.1713 0.9615 -0.2150
vn 0.4963 0.7895 0.3611
vn 0.8445 0.4444 0.2988
vn 0.9355 0.3521 0.0302
vn 0.5910 0.6068 -0.5316
vn -0.2679 0.9100 0.3166
vn 0.3957 0.9053 -0.1544
vn 0.6537 0.7444 -0.1360
vn 0.6709 0.6003 0.4353
vn 0.8396 0.5417 -0.0397
vn 0.4645 0.7424 -0.4828
vn 0.1117 0.9020 0.4170
vn 0.7659 0.6097 0.2041
vn 0.8431 0.5042 -0.1871
vn 0.6909 0.6284 -0.3575
vn 0.3876 0.9064 0.1680
vn 0.1528 0.9391 0.3079
vn 0.6505 0.7496 0.1224
vn 0.8207 0.5711 -0.0142
vn 0.8278 0.5600 0.0332
vn 0.7400 0.6466 -0.1854
vn 0.4593 0.8488 -0.2620
vn 0.7348 0.5623 0.3793
vn 0.7597 0.5598 -0.3309
vn 0.6571 0.7314 0.1825
vn 0.6904 0.6845 -0.2342
vn 0.3809 0.8600 -0.3395
vn 0.0000 1.0000 0.0000
vn 0.0000 0.0000 1.0000
vn 0.9503 0.3025 -0.0740
vn -0.5821 0.8064 0.1042
vn 0.2301 0.9513 -0.2051
vn -0.0854 0.9403 -0.3293
vn -0.0482 0.9744 -0.2195
vn 0.2755 0.8724 -0.4037
vn -0.2304 0.8677 -0.4404
vn 0.3143 0.8076 -0.4990
vn -0.3522 0.8105 -0.4680
vn 0.1243 0.9486 -0.2911
vn -0.1230 0.9484 -0.2922
vn 0.0067 0.9808 -0.1948
vn 0.2716 0.8663 -0.4194
vn 0.0286 0.7820 -0.6226
vn 0.0036 0.7684 -0.6400
vn 0.0431 0.7469 -0.6635
vn -0.2545 0.8075 -0.5321
vn 0.2166 0.8336 -0.5082
vn -0.1387 0.8153 -0.5622
vn 0.0025 0.8797 -0.4755
vn -0.1881 0.9236 -0.3339
vn 0.3761 0.7937 -0.4781
vn 0.0148 0.6918 -0.7220
vn -0.2594 0.7683 -0.5852
vn 0.1207 0.8563 -0.5021
vn 0.0316 0.8007 -0.5983
vn -0.1167 0.8300 -0.5454
vn -0.0564 0.9015 -0.4292
vn 0.0979 0.8833 -0.4585
vn -0.0228 0.8595 -0.5107
vn 0.0915 0.8276 -0.5538
vn -0.2130 0.8575 -0.4684
vn 0.1189 0.9083 -0.4011
vn -0.0397 0.8871 -0.4598
vn -0.1017 0.9297 -0.3541
vn 0.2592 0.8437 -0.4701
vn -0.2345 0.8401 -0.4891
vn -0.0536 0.9607 -0.2725
vn -0.1203 0.9876 -0.1011
vn -0.2015 0.8443 0.4966
vn -0.0714 0.6979 0.7126
vn -0.7064 0.6649 0.2427
vn -0.9483 0.2079 0.2400
vn 0.1287 0.3314 0.9347
vn 0.8884 0.3139 0.3349
vn 0.3855 0.8532 -0.3513
vn 0.0005 0.0000 1.0000
vn 0.0001 0.0000 -1.0000
vn -0.0001 0.0000 1.0000
vn 0.2396 0.9121 -0.3328
vn -0.4633 0.6643 -0.5866
vn -0.8256 0.3500 -0.4426
vn 0.9012 0.3871 0.1950
vn -0.8668 0.3842 -0.3179
vn 0.4800 0.2600 -0.8379
vn -0.5433 0.3182 -0.7769
vn 0.8599 0.2651 -0.4363
vn -0.7804 0.4779 0.4033
vn -0.7031 0.6362 0.3176
vn 0.3102 0.4722 -0.8251
vn -0.1269 0.2914 -0.9482
vn -0.1327 0.2227 -0.9658
vn -0.1695 0.2958 -0.9401
vn 0.3227 0.3394 -0.8836
vn 0.8524 0.2799 -0.4417
vn -0.9423 0.2510 -0.2213
vn 0.2606 0.2915 -0.9204
vn -0.0064 0.3043 -0.9526
vn 0.3523 0.7048 -0.6157
vn -0.8192 0.3897 -0.4207
vn 0.2723 0.4669 -0.8413
vn 0.0460 0.3326 -0.9420
vn 0.1258 0.2958 -0.9469
vn -0.3507 0.3630 -0.8633
vn 0.4321 0.4769 -0.7654
vn 0.7323 0.4237 -0.5332
vn -0.6151 0.4304 -0.6606
vn 0.0335 0.5393 -0.8414
vn -0.0083 0.3479 -0.9375
vn 0.3844 0.4777 -0.7900
vn -0.8603 0.5093 0.0239
vn 0.2503 0.8851 -0.3923
vn 0.8608 0.4655 -0.2057
vn -0.6053 0.3967 -0.6901
vn -0.2737 0.3039 -0.9125
vn 0.6530 0.4683 -0.5952
vn 0.5274 0.5634 0.6359
vn -0.0164 0.3831 0.9236
vn -0.6724 0.4617 0.5786
vn 0.8491 0.5045 -0.1564
vn -0.4559 0.8797 -0.1353
vn 0.5906 0.7567 -0.2805
vn 0.7706 0.5246 -0.3618
vn 0.2613 0.9367 -0.2329
vn 0.1934 0.9550 0.2250
vn -0.4037 0.3626 -0.8400
vn -0.5278 0.1765 -0.8308
vn 0.3833 0.2658 -0.8845
vn -0.2324 0.2487 -0.9403
vn 0.3972 0.1849 -0.8989
vn 0.0077 0.1450 -0.9894
vn -0.2807 0.1737 -0.9439
vn 0.0310 0.2363 -0.9712
vn -0.2339 0.2703 -0.9339
vn -0.0967 0.3756 -0.9217
vn 0.1186 0.3672 -0.9226
vn 0.0600 0.3187 -0.9460
vn 0.4068 0.1706 -0.8974
vn -0.3997 0.1701 -0.9007
vn -0.1164 0.3256 -0.9383
vn 0.2294 0.2835 -0.9311
vn 0.1456 0.2090 -0.9670
vn -0.3791 0.2350 -0.8950
vn 0.1506 0.3356 -0.9299
vn -0.2342 0.3517 -0.9064
vn 0.2536 0.3422 -0.9048
vn -0.1811 0.3293 -0.9267
vn 0.2755 0.2888 -0.9169
vn 0.1196 0.2144 -0.9694
vn -0.1208 0.2146 -0.9692
vn -0.0335 0.2485 -0.9680
vn -0.1369 0.2838 -0.9491
vn 0.3189 0.2189 -0.9222
vn -0.1941 0.2054 -0.9592
vn -0.0085 0.2546 -0.9670
vn 0.2211 0.2010 -0.9543
vn -0.3571 0.2143 -0.9092
vn -0.0935 0.3659 -0.9259
vn 0.3657 0.2481 -0.8971
vn 0.1720 0.1659 -0.9710
vn 0.0185 0.1435 -0.9895
vn -0.2574 0.1685 -0.9515
vn 0.8054 0.2243 -0.5487
vn 0.7158 0.5860 0.3799
vn -0.1569 0.5559 0.8163
vn 0.6401 0.7343 0.2262
vn 0.2861 0.8205 -0.4949
vn 0.7986 0.4745 -0.3702
vn -0.8757 0.2863 0.3887
vn 0.0453 0.2014 0.9785
vn 0.1589 0.1647 0.9735
vn -0.0810 0.1540 0.9847
vn -0.0638 0.1758 0.9824
vn 0.1815 0.1545 0.9712
vn -0.0777 0.1398 0.9871
vn -0.3981 0.1905 0.8974
vn 0.2847 0.2375 0.9288
vn -0.0213 0.1944 0.9807
vn 0.2394 0.1539 0.9586
vn -0.1730 0.1469 0.9739
vn 0.0339 0.1713 0.9846
vn -0.0475 0.1720 0.9840
vn -0.1676 0.2030 0.9647
vn 0.2867 0.1720 0.9425
vn -0.4862 0.1736 0.8564
vn 0.4866 0.1734 0.8562
vn -0.1060 0.1414 0.9843
vn -0.4891 0.2014 0.8486
vn 0.0233 0.4303 0.9024
vn 0.1310 0.3736 0.9183
vn 0.1486 0.2931 0.9445
vn 0.2938 0.1840 0.9380
vn -0.0387 0.1513 0.9877
vn -0.3811 0.1957 0.9036
vn 0.1880 0.2696 0.9444
vn -0.0381 0.2415 0.9696
vn -0.1800 0.2844 0.9417
vn 0.3813 0.2044 0.9015
vn -0.4559 0.2020 0.8668
vn 0.2725 0.2952 0.9158
vn 0.2452 0.1867 0.9513
vn -0.3380 0.1922 0.9213
vn 0.3502 0.1877 0.9177
vn -0.5330 0.1980 0.8226
vn -0.5948 0.6042 0.5302
vn 0.9782 0.1431 0.1506
vn 0.7091 0.4800 0.5165
vn -0.8081 0.2625 -0.5273
vn 0.6858 0.3086 -0.6592
vn 0.0025 0.9497 -0.3130
vn -0.1039 0.9805 -0.1669
vn -0.8184 0.4419 0.3674
vn 0.3188 0.3922 0.8629
vn -0.0937 0.4578 0.8841
vn -0.6084 0.7900 0.0763
vn 0.9016 0.3853 -0.1965
vn -0.8581 0.4257 -0.2871
vn 0.7737 0.6311 0.0553
vn -0.2774 0.8403 -0.4658
vn -0.0748 0.3866 -0.9192
vn -0.6814 0.5745 0.4535
vn 0.5603 0.3045 0.7703
vn -0.6937 0.4466 0.5651
vn 0.8907 0.3790 -0.2508
vn -0.8261 0.4725 -0.3071
vn -0.2240 0.7714 -0.5956
vn -0.1933 0.6467 -0.7378
vn 0.0032 0.9258 0.3779
vn 0.4781 0.7514 -0.4548
vn -0.5975 0.6458 0.4753
vn 0.7699 0.2836 0.5717
vn -0.8241 0.5490 -0.1396
vn -0.9129 0.2671 0.3086
vn 0.2563 0.3193 0.9123
vn 0.3084 0.2293 0.9232
vn 0.0710 0.2353 0.9693
vn 0.5069 0.5257 0.6831
vn -0.2911 0.7985 -0.5269
vn -0.8563 0.3901 0.3386
vn 0.2309 0.5998 0.7661
vn 0.5890 0.3568 0.7251
vn -0.4902 0.2594 0.8321
vn 0.8433 0.2728 0.4630
vn -0.9134 0.2317 0.3348
vn 0.6429 0.4702 0.6046
vn 0.8921 0.3851 0.2364
vn -0.9142 0.2883 0.2848
vn 0.9310 0.3337 0.1478
vn -0.9692 0.2185 0.1137
vn -0.9144 0.3343 0.2284
vn 0.7339 0.1831 -0.6541
vn 0.0220 0.1359 -0.9905
vn 0.6458 0.4524 -0.6150
vn 0.0653 0.7487 0.6597
vn 0.7436 0.4183 -0.5215
vn 0.0585 0.9219 0.3831
vn -0.1333 0.6386 0.7579
vn 0.3269 0.7485 0.5769
vn -0.1523 0.7676 0.6226
vn -0.5915 0.3764 0.7130
vn 0.7662 0.4114 0.4936
vn -0.7350 0.3814 0.5607
vn 0.7873 0.4501 0.4214
vn -0.6021 0.4935 0.6276
vn 0.0778 0.3699 0.9258
vn 0.1916 0.5799 0.7918
vn 0.7124 0.6931 0.1098
vn -0.9090 0.3753 0.1811
vn 0.6512 0.6810 0.3348
vn -0.5100 0.7887 0.3433
vn 0.1213 0.4554 0.8820
vn -0.1316 0.3381 0.9319
vn 0.3556 0.4228 0.8335
vn -0.6344 0.4000 0.6615
vn 0.8987 0.4270 0.1003
vn -0.0773 0.7070 -0.7030
vn -0.4942 0.8244 -0.2759
vn -0.5164 0.5393 0.6652
vn 0.4612 0.5416 0.7028
vn 0.7633 0.6454 0.0291
vn 0.1442 0.9782 -0.1497
vn -0.7847 0.6010 0.1518
vn 0.2884 0.7817 0.5529
vn 0.0340 0.4658 0.8842
vn -0.3129 0.3835 0.8689
vn 0.8030 0.5847 0.1156
vn -0.7824 0.6227 -0.0037
vn 0.7177 0.6954 0.0378
vn -0.6408 0.5245 0.5606
vn -0.0227 0.4097 0.9120
vn 0.7243 0.6402 0.2561
vn -0.8323 0.4948 0.2498
vn 0.6671 0.6512 0.3619
vn -0.8517 0.3788 0.3621
vn -0.3878 0.2395 0.8901
vn 0.0978 0.1657 0.9813
vn -0.7311 0.2022 0.6516
vn 0.8959 0.1649 -0.4124
vn -0.4355 0.3525 -0.8283
vn 0.9329 0.3282 -0.1485
vn 0.4239 0.9057 -0.0037
vn 0.0431 0.9974 -0.0585
vn -0.0132 0.9875 0.1571
vn 0.1572 0.9873 -0.0207
vn -0.2805 0.8965 0.3431
vn 0.3276 0.7765 0.5383
vn -0.3545 0.8390 0.4128
vn 0.1096 0.8619 0.4951
vn 0.1396 0.8960 0.4216
vn 0.0645 0.9382 0.3401
vn -0.3286 0.7642 0.5550
vn 0.4374 0.7773 0.4522
vn -0.5032 0.6362 0.5849
vn 0.1963 0.5983 0.7769
vn -0.0416 0.6209 0.7828
vn 0.4181 0.8113 0.4085
vn -0.2809 0.9545 0.0998
vn 0.2811 0.8992 0.3353
vn -0.3840 0.6136 0.6899
vn 0.1238 0.5303 0.8387
vn -0.0862 0.5722 0.8156
vn 0.0246 0.6146 0.7884
vn 0.1091 0.6203 0.7768
vn -0.0302 0.6472 0.7617
vn 0.1970 0.7937 0.5756
vn 0.3319 0.9217 0.2007
vn -0.4216 0.7078 0.5668
vn 0.2330 0.6841 0.6912
vn 0.5236 0.8376 0.1557
vn -0.4869 0.7977 0.3558
vn -0.1224 0.6965 0.7070
vn 0.1054 0.6442 0.7575
vn -0.1486 0.6526 0.7430
vn 0.5567 0.6839 0.4715
vn -0.3555 0.6994 0.6200
vn 0.1037 0.6160 0.7809
vn -0.5540 0.6044 0.5725
vn 0.4044 0.6677 0.6249
vn -0.8779 0.4449 0.1772
vn -0.0850 0.7850 -0.6137
vn 0.9172 0.3963 -0.0406
vn -0.9901 0.1279 0.0581
vn 0.9003 0.1720 0.3998
vn 0.1575 0.2621 0.9521
vn 0.4992 0.3912 0.7732
vn 0.4802 0.8755 0.0540
vn 0.0010 0.9773 0.2119
vn -0.1151 0.9861 -0.1202
vn 0.1300 0.9853 -0.1104
vn 0.0981 0.9871 -0.1265
vn 0.1237 0.9052 -0.4065
vn -0.0844 0.9875 -0.1332
vn 0.1021 0.9941 0.0374
vn -0.0580 0.9947 -0.0849
vn -0.0348 0.9651 -0.2595
vn -0.2208 0.9201 -0.3236
vn -0.0293 0.7690 -0.6385
vn 0.0547 0.7391 -0.6714
vn 0.2922 0.8024 -0.5203
vn -0.0284 0.9158 -0.4007
vn -0.0993 0.9584 -0.2676
vn -0.0314 0.9874 -0.1552
vn 0.2629 0.8811 -0.3930
vn -0.0388 0.8780 -0.4771
vn 0.0134 0.8806 -0.4738
vn -0.0971 0.9246 -0.3683
vn -0.0882 0.9728 -0.2141
vn 0.2523 0.8854 -0.3905
vn -0.1758 0.9378 -0.2993
vn 0.0477 0.9751 -0.2165
vn -0.0097 0.9689 -0.2472
vn 0.1810 0.8874 -0.4240
vn -0.1503 0.9321 -0.3296
vn 0.2086 0.8757 -0.4356
vn -0.1916 0.9356 -0.2967
vn 0.1594 0.9573 -0.2411
vn -0.0254 0.9496 -0.3124
vn -0.0863 0.9810 -0.1736
vn 0.5461 0.8377 0.0063
vn -0.1135 0.9926 0.0427
vn 0.0741 0.9933 -0.0888
vn -0.4703 0.7931 0.3869
vn -0.0307 0.9803 0.1953
vn -0.7711 0.5168 0.3719
vn -0.6478 0.4817 0.5902
vn 0.7307 0.4460 -0.5169
vn -0.9689 0.1447 -0.2006
vn 0.8961 0.1727 -0.4089
vn 0.7280 0.2977 -0.6175
vn 0.0666 0.9869 0.1471
vn 0.6009 0.7847 -0.1525
vn -0.0137 0.9944 -0.1046
vn -0.4790 0.8556 -0.1962
vn 0.5412 0.7866 -0.2972
vn -0.2294 0.9720 -0.0509
vn 0.2331 0.9708 -0.0563
vn 0.0250 0.9932 -0.1133
vn 0.1134 0.9764 -0.1837
vn -0.1351 0.9847 -0.1105
vn 0.1039 0.9895 0.1000
vn -0.4305 0.9026 0.0014
vn -0.4739 0.8518 -0.2230
vn 0.3355 0.9240 -0.1833
vn 0.5973 0.7887 0.1455
vn 0.1007 0.9207 0.3770
vn -0.0283 0.9324 0.3603
vn -0.0624 0.9638 0.2593
vn 0.1583 0.9037 0.3977
vn -0.1037 0.9260 0.3629
vn 0.0284 0.9448 0.3264
vn -0.0884 0.9662 0.2420
vn 0.1666 0.9058 0.3897
vn -0.1629 0.9471 0.2764
vn -0.0099 0.9899 0.1413
vn 0.1268 0.9564 0.2632
vn -0.1005 0.9653 0.2409
vn 0.1722 0.9268 0.3338
vn -0.1700 0.9580 0.2309
vn 0.1003 0.9761 0.1927
vn 0.1683 0.8955 0.4121
vn -0.0228 0.9073 0.4200
vn -0.0952 0.9432 0.3182
vn 0.0576 0.9529 0.2977
vn 0.4268 0.8738 0.2332
vn -0.0790 0.9873 0.1377
vn -0.0960 0.9855 0.1397
vn 0.0356 0.9986 0.0400
vn -0.4112 0.8303 0.3763
vn -0.5865 0.7855 0.1975
vn -0.8993 0.3919 -0.1940
vn 0.3641 0.9294 -0.0598
vn -0.9824 0.1824 0.0400
vn 0.9127 0.2035 0.3544
vn 0.8437 0.5362 0.0247
vn 0.3945 0.3922 -0.8310
vn 0.7362 0.6748 0.0509
vn -0.1930 0.9784 0.0746
vn -0.2985 0.9315 0.2078
vn 0.4339 0.7648 0.4762
vn -0.1192 0.9484 0.2939
vn 0.1942 0.8992 0.3921
vn -0.0187 0.9320 0.3621
vn 0.0788 0.9243 0.3733
vn -0.1060 0.9509 0.2908
vn 0.2612 0.9029 0.3413
vn -0.4098 0.8669 0.2837
vn -0.4821 0.7818 0.3955
vn 0.3532 0.8163 0.4571
vn 0.5384 0.8197 0.1956
vn 0.3428 0.9393 -0.0126
vn -0.0710 0.9939 0.0840
vn -0.0249 0.9774 0.2100
vn 0.0401 0.9985 0.0384
vn -0.0557 0.9957 -0.0741
vn -0.0363 0.9989 0.0284
vn -0.0948 0.9939 0.0564
vn 0.2271 0.9732 -0.0364
vn -0.2148 0.9759 -0.0384
vn 0.0280 0.9895 0.1419
vn 0.2646 0.9472 0.1808
vn -0.2068 0.9744 0.0878
vn 0.1682 0.9807 -0.1002
vn -0.0545 0.9963 0.0662
vn 0.0262 0.9701 0.2413
vn 0.1588 0.9806 -0.1150
vn 0.0423 0.9819 -0.1844
vn -0.0023 0.9949 0.1013
vn 0.0292 0.9728 0.2299
vn 0.0936 0.9920 0.0852
vn 0.0496 0.9985 0.0215
vn -0.1416 0.9869 0.0780
vn -0.0468 0.9956 0.0813
vn -0.1892 0.9684 -0.1623
vn -0.7981 0.5700 -0.1954
vn -0.7404 0.5542 0.3802
vn 0.4889 0.4293 0.7594
vn -0.9792 0.1458 0.1408
vn 0.9871 0.1579 -0.0265
vn 0.0071 0.5044 0.8635
vn 0.2169 0.4297 0.8766
vn 0.7749 0.6271 0.0797
vn -0.2811 0.9587 -0.0435
vn 0.1133 0.9877 0.1081
vn 0.0904 0.9888 -0.1191
vn 0.1583 0.9739 -0.1627
vn 0.0439 0.9941 -0.0995
vn 0.0216 0.9774 -0.2101
vn 0.1073 0.9871 -0.1191
vn -0.0805 0.9966 0.0173
vn 0.0997 0.9932 -0.0599
vn 0.0178 0.9982 0.0578
vn -0.2648 0.8018 0.5357
vn 0.0988 0.7746 0.6246
vn 0.1341 0.9245 0.3568
vn 0.1286 0.9917 0.0060
vn 0.1401 0.9885 -0.0568
vn -0.0233 0.9997 0.0058
vn -0.1508 0.9884 -0.0190
vn 0.0575 0.9983 -0.0118
vn 0.0148 0.9995 0.0297
vn 0.0579 0.9745 0.2166
vn -0.0981 0.9845 0.1456
vn -0.0033 0.9897 0.1429
vn 0.0989 0.9604 0.2603
vn 0.0647 0.9880 0.1404
vn -0.1900 0.9811 0.0354
vn 0.0036 0.9895 0.1444
vn 0.2111 0.9726 0.0972
vn -0.1157 0.9932 -0.0159
vn 0.1333 0.9709 0.1991
vn 0.0624 0.9578 0.2807
vn 0.1736 0.9597 0.2208
vn 0.2160 0.9015 0.3752
vn -0.1868 0.9324 0.3095
vn 0.0074 0.9900 0.1405
vn -0.0495 0.9906 0.1273
vn -0.1105 0.9830 0.1466
vn -0.5044 0.8633 -0.0147
vn -0.8364 0.5068 -0.2089
vn -0.3993 0.6399 -0.6566
vn 0.1402 0.4119 -0.9004
vn -0.9577 0.1574 -0.2409
vn 0.9870 0.1545 0.0445
vn 0.0430 0.5759 -0.8164
vn 0.1651 0.4728 -0.8655
vn 0.7408 0.6680 0.0707
vn -0.4200 0.9040 -0.0799
vn -0.1634 0.8131 -0.5587
vn 0.0782 0.8032 -0.5905
vn 0.1058 0.8070 -0.5809
vn 0.0017 0.7621 -0.6474
vn 0.5765 0.8120 -0.0918
vn 0.0027 0.9934 0.1146
vn 0.0798 0.9962 0.0357
vn -0.0860 0.9944 0.0621
vn 0.2946 0.9556 -0.0077
vn -0.0298 0.9974 -0.0652
vn -0.1027 0.9946 -0.0167
vn 0.0479 0.9986 0.0228
vn -0.0115 0.9898 0.1419
vn 0.1108 0.9913 0.0709
vn -0.0687 0.9965 -0.0483
vn -0.0137 0.9983 0.0570
vn 0.0225 0.9835 0.1795
vn 0.1093 0.9713 0.2112
vn 0.0286 0.9986 0.0437
vn -0.1074 0.9941 0.0129
vn 0.0191 0.9990 0.0415
vn 0.0715 0.9958 -0.0576
vn 0.1713 0.9741 0.1479
vn 0.0757 0.8463 0.5273
vn -0.1418 0.8234 0.5494
vn -0.2397 0.9494 0.2029
vn 0.0349 0.9973 0.0647
vn 0.2570 0.9620 0.0923
vn 0.0122 0.9999 0.0079
vn 0.1883 0.9814 0.0364
vn 0.4563 0.8884 -0.0513
vn -0.3332 0.9413 -0.0548
vn -0.0306 0.9982 0.0523
vn -0.1362 0.9897 -0.0447
vn -0.0877 0.9885 -0.1228
vn -0.3524 0.9095 0.2204
vn -0.9187 0.3903 0.0609
vn -0.7236 0.6707 -0.1630
vn -0.6881 0.5211 -0.5049
vn -0.9393 0.2696 -0.2123
vn 0.9889 0.1483 -0.0055
vn -0.8820 0.4651 0.0756
vn 0.8958 0.3731 0.2416
vn 0.3040 0.8413 -0.4470
vn -0.3166 0.6746 -0.6669
vn -0.1356 0.9387 -0.3168
vn 0.2075 0.9742 -0.0887
vn -0.1647 0.9440 -0.2859
vn 0.3003 0.9425 -0.1465
vn 0.5264 0.7717 -0.3570
vn 0.3570 0.8740 -0.3295
vn 0.0736 0.9930 0.0924
vn -0.0359 0.9960 0.0812
vn 0.1094 0.9901 0.0877
vn 0.0562 0.9902 0.1280
vn -0.0685 0.9833 0.1688
vn 0.0279 0.9858 0.1658
vn 0.0378 0.9978 0.0536
vn 0.0108 0.9949 0.1006
vn -0.0724 0.9867 0.1452
vn 0.1341 0.9781 0.1593
vn 0.0632 0.9858 0.1553
vn 0.0182 0.9951 0.0971
vn -0.0840 0.9956 0.0418
vn -0.0395 0.9989 0.0233
vn -0.0084 0.9985 0.0537
vn 0.0352 0.9950 0.0932
vn 0.5004 0.8462 0.1831
vn 0.4617 0.7715 0.4377
vn -0.4123 0.7908 0.4524
vn -0.5443 0.8064 0.2312
vn 0.0995 0.9870 0.1266
vn 0.0288 0.9993 -0.0220
vn 0.1191 0.9916 -0.0512
vn 0.2113 0.9768 0.0355
vn 0.3783 0.9195 0.1071
vn -0.2568 0.9582 0.1259
vn -0.0245 0.9927 0.1180
vn -0.2440 0.9671 0.0717
vn -0.0199 0.9968 0.0778
vn -0.4089 0.8736 -0.2638
vn -0.9045 0.4226 -0.0575
vn 0.2431 0.4530 0.8577
vn -0.4213 0.2388 0.8749
vn -0.9096 0.1906 0.3692
vn 0.9869 0.1336 0.0908
vn -0.7654 0.4169 0.4903
vn 0.8870 0.3945 0.2400
vn -0.2764 0.8660 -0.4167
vn 0.1890 0.9820 -0.0058
vn -0.0680 0.9977 -0.0018
vn -0.0512 0.9259 -0.3743
vn 0.1813 0.9799 -0.0829
vn 0.1911 0.9816 -0.0045
vn 0.3008 0.9479 -0.1052
vn 0.6039 0.7804 -0.1623
vn 0.3683 0.9219 -0.1200
vn -0.0414 0.9941 0.1004
vn 0.1868 0.9686 0.1641
vn 0.0548 0.9885 0.1408
vn -0.0182 0.9941 0.1066
vn -0.0168 0.9897 0.1422
vn -0.0041 0.9857 0.1684
vn 0.0597 0.9897 0.1299
vn -0.0502 0.9932 0.1053
vn 0.0652 0.9882 0.1388
vn -0.0387 0.9992 -0.0050
vn 0.0392 0.9984 -0.0418
vn -0.0683 0.9970 0.0362
vn -0.0031 0.9927 0.1205
vn -0.0206 0.9947 0.1005
vn 0.0344 0.9982 0.0489
vn 0.6394 0.7632 0.0939
vn 0.5757 0.8155 0.0602
vn -0.5357 0.8444 0.0119
vn -0.6516 0.7585 0.0103
vn -0.0013 0.9998 0.0214
vn 0.0447 0.9944 0.0961
vn 0.1256 0.9795 0.1575
vn 0.2112 0.9713 0.1095
vn 0.3808 0.9235 0.0451
vn -0.3448 0.9325 -0.1075
vn -0.0809 0.9692 -0.2327
vn -0.1409 0.9862 -0.0872
vn -0.0622 0.9978 0.0223
vn -0.5385 0.8306 0.1418
vn -0.6575 0.5978 0.4586
vn -0.2695 0.6155 -0.7406
vn -0.2465 0.3081 -0.9189
vn -0.9648 0.1711 -0.1997
vn 0.9840 0.1365 -0.1145
vn -0.6320 0.6110 -0.4768
vn 0.8712 0.4892 0.0416
vn 0.1312 0.9294 0.3450
vn 0.1871 0.9371 0.2947
vn -0.4505 0.8902 -0.0682
vn -0.1062 0.9904 0.0881
vn 0.3573 0.9334 -0.0346
vn 0.1041 0.9898 -0.0970
vn 0.3842 0.9230 0.0218
vn 0.5060 0.8602 0.0635
vn 0.5829 0.8107 0.0547
vn 0.0041 0.9973 0.0733
vn 0.1289 0.9886 0.0778
vn -0.0433 0.9984 -0.0371
vn 0.0278 0.9970 -0.0720
vn 0.0088 0.9991 -0.0418
vn -0.0469 0.9965 -0.0686
vn 0.0014 0.9936 -0.1131
vn 0.0537 0.9945 -0.0898
vn 0.0119 0.9994 -0.0321
vn -0.0717 0.9969 0.0323
vn 0.0358 0.9988 0.0344
vn -0.0326 0.9993 -0.0208
vn -0.0036 0.9989 -0.0470
vn -0.0038 0.9996 -0.0263
vn 0.0459 0.9977 0.0496
vn 0.6427 0.7623 0.0764
vn 0.5110 0.8593 0.0221
vn -0.5290 0.8486 -0.0009
vn -0.6536 0.7569 0.0004
vn -0.0118 0.9999 -0.0008
vn 0.1062 0.9934 -0.0422
vn 0.1624 0.9859 -0.0391
vn 0.2085 0.9776 0.0302
vn 0.3058 0.9517 0.0279
vn -0.4465 0.8936 -0.0454
vn 0.0495 0.9954 -0.0823
vn -0.0380 0.9993 -0.0008
vn -0.0399 0.9992 0.0040
vn -0.5744 0.8036 -0.1558
vn -0.5969 0.6726 -0.4374
vn -0.7227 0.5555 0.4112
vn 0.1926 0.3084 0.9315
vn -0.9507 0.1492 0.2717
vn 0.9480 0.1961 -0.2508
vn 0.2312 0.4265 -0.8744
vn 0.7794 0.3841 -0.4950
vn 0.5232 0.8466 0.0975
vn -0.2940 0.9555 0.0252
vn 0.3487 0.9202 0.1781
vn -0.2262 0.9035 0.3640
vn 0.1379 0.9214 0.3633
vn 0.1206 0.9628 0.2418
vn 0.2664 0.9594 0.0924
vn 0.4914 0.8688 -0.0613
vn 0.5997 0.7992 -0.0408
vn 0.0578 0.9983 -0.0034
vn -0.0080 0.9994 -0.0344
vn -0.0545 0.9981 -0.0271
vn 0.0063 0.9994 -0.0328
vn 0.0512 0.9973 -0.0536
vn -0.0600 0.9979 0.0258
vn -0.0039 0.9961 0.0881
vn 0.0210 0.9997 -0.0140
vn 0.0368 0.9963 -0.0776
vn -0.0144 0.9981 -0.0603
vn 0.1772 0.9793 0.0980
vn 0.1173 0.8995 0.4209
vn -0.0092 0.8085 0.5884
vn 0.0653 0.8011 0.5950
vn 0.0033 0.8454 0.5341
vn 0.3803 0.8956 0.2308
vn 0.5155 0.8555 -0.0488
vn -0.5314 0.8471 0.0033
vn -0.6532 0.7572 -0.0009
vn -0.0148 0.9999 -0.0019
vn 0.0675 0.9977 0.0042
vn 0.0965 0.9912 -0.0901
vn 0.2481 0.9432 -0.2210
vn 0.4248 0.8978 -0.1158
vn -0.4076 0.9106 0.0688
vn 0.0407 0.9891 0.1415
vn -0.1073 0.9942 0.0024
vn -0.0087 0.9991 -0.0419
vn -0.5539 0.8151 0.1700
vn -0.8247 0.5584 0.0894
vn -0.3225 0.6585 -0.6800
vn -0.1744 0.2530 -0.9516
vn -0.8736 0.1649 -0.4578
vn 0.9301 0.1654 0.3280
vn -0.3098 0.3849 0.8694
vn 0.8704 0.4912 0.0333
vn 0.4334 0.8916 -0.1310
vn -0.2957 0.8548 -0.4264
vn 0.7645 0.3743 0.5248
vn -0.2603 0.9642 0.0497
vn 0.0513 0.9973 -0.0523
vn 0.1521 0.9877 -0.0351
vn 0.1811 0.9825 0.0426
vn 0.4678 0.8785 0.0967
vn 0.6025 0.7969 0.0432
vn -0.0106 0.9989 -0.0461
vn -0.0233 0.9971 -0.0730
vn 0.0270 0.9992 -0.0311
vn -0.0156 0.9992 0.0359
vn 0.0499 0.9983 0.0310
vn -0.0065 0.9999 -0.0090
vn -0.0379 0.9987 -0.0338
vn 0.1852 0.9707 0.1532
vn 0.1796 0.8685 0.4620
vn 0.0026 0.8382 0.5453
vn 0.2883 0.8165 0.5003
vn 0.3253 0.7902 0.5194
vn -0.0052 0.8391 0.5439
vn 0.0105 0.8605 0.5093
vn -0.0149 0.8464 0.5323
vn 0.0184 0.8544 0.5193
vn 0.2768 0.9224 0.2695
vn -0.5340 0.8455 0.0001
vn -0.6533 0.7571 0.0010
vn -0.0209 0.9998 -0.0035
vn 0.0302 0.9983 -0.0489
vn 0.1053 0.9943 0.0192
vn 0.1347 0.9888 0.0648
vn 0.5314 0.8471 0.0010
vn -0.4314 0.8994 -0.0704
vn 0.0275 0.9850 -0.1703
vn -0.1430 0.9881 -0.0557
vn 0.0304 0.9994 -0.0158
vn -0.4404 0.8970 -0.0387
vn -0.7437 0.6150 0.2619
vn -0.0861 0.4261 0.9006
vn -0.6851 0.2280 0.6918
vn -0.9096 0.2437 0.3366
vn 0.8750 0.1759 -0.4510
vn 0.6724 0.4417 -0.5940
vn 0.1487 0.5256 0.8376
vn 0.4529 0.8835 0.1200
vn -0.2576 0.9309 0.2591
vn 0.7546 0.6007 -0.2641
vn -0.0179 0.9839 -0.1778
vn -0.0336 0.9891 0.1431
vn 0.1221 0.9924 0.0148
vn 0.2006 0.9768 -0.0745
vn 0.3292 0.9227 -0.2006
vn 0.3698 0.8133 -0.4493
vn 0.0435 0.7595 -0.6491
vn 0.0712 0.7987 -0.5974
vn 0.3660 0.8813 -0.2990
vn 0.0317 0.9992 -0.0263
vn -0.0281 0.9989 -0.0367
vn 0.0066 0.9984 -0.0556
vn 0.0081 0.9995 0.0310
vn 0.5214 0.8243 0.2206
vn 0.4123 0.7964 0.4424
vn 0.0408 0.7935 0.6071
vn 0.0831 0.8459 0.5268
vn 0.2460 0.9450 0.2155
vn -0.2858 0.9222 -0.2605
vn -0.0526 0.8478 -0.5278
vn 0.0016 0.8306 -0.5569
vn 0.0007 0.8306 -0.5569
vn 0.0020 0.8300 -0.5578
vn -0.4021 0.7992 -0.4467
vn -0.5325 0.8199 -0.2103
vn 0.0230 0.9994 -0.0239
vn -0.0281 0.9996 0.0053
vn 0.3082 0.9498 0.0540
vn 0.1017 0.9851 0.1387
vn 0.3940 0.9139 0.0978
vn -0.3436 0.9294 0.1350
vn -0.0269 0.9673 0.2524
vn -0.0912 0.9818 0.1663
vn -0.0762 0.9936 0.0831
vn -0.5628 0.8169 -0.1260
vn -0.1324 0.9794 0.1522
vn -0.5568 0.4727 -0.6830
vn -0.6472 0.2545 -0.7186
vn -0.9413 0.2306 -0.2466
vn 0.9094 0.2600 0.3245
vn 0.9304 0.1966 0.3094
vn -0.3153 0.7215 0.6164
vn 0.2269 0.9509 -0.2106
vn -0.0769 0.9489 -0.3061
vn 0.7817 0.5229 0.3399
vn 0.0217 0.9922 -0.1225
vn 0.0302 0.9638 -0.2649
vn 0.2032 0.9791 0.0070
vn 0.0248 0.9996 -0.0167
vn 0.1520 0.9635 -0.2203
vn 0.2742 0.9362 -0.2198
vn -0.0238 0.9720 -0.2338
vn 0.0948 0.9507 -0.2952
vn 0.3969 0.8098 -0.4320
vn 0.3988 0.8543 -0.3334
vn 0.1192 0.9787 0.1673
vn 0.2066 0.8603 0.4661
vn 0.0573 0.8401 0.5394
vn 0.3935 0.8737 0.2861
vn 0.5445 0.8387 -0.0049
vn -0.2954 0.9229 -0.2471
vn -0.0507 0.8543 -0.5173
vn 0.0053 0.8319 -0.5549
vn -0.4192 0.7978 -0.4334
vn -0.2233 0.8429 -0.4896
vn 0.0028 0.8109 -0.5851
vn 0.0004 0.8111 -0.5849
vn 0.0008 0.8109 -0.5852
vn -0.1644 0.8624 -0.4787
vn -0.2087 0.9601 -0.1861
vn 0.0469 0.9987 -0.0206
vn -0.0228 0.9995 -0.0231
vn 0.2645 0.9558 -0.1287
vn 0.2870 0.9459 -0.1511
vn 0.3247 0.9455 -0.0239
vn -0.2732 0.9614 -0.0332
vn -0.2227 0.9622 -0.1565
vn -0.0799 0.9693 -0.2324
vn -0.0906 0.9910 -0.0985
vn -0.6236 0.7810 0.0329
vn 0.3654 0.9261 0.0939
vn -0.7709 0.3733 0.5162
vn -0.3444 0.2837 0.8949
vn -0.9212 0.1868 0.3413
vn 0.9621 0.1433 0.2320
vn 0.6603 0.5012 0.5593
vn -0.3341 0.5614 -0.7571
vn -0.1398 0.9876 -0.0710
vn 0.0245 0.9716 -0.2355
vn 0.8562 0.4977 -0.1388
vn -0.3106 0.8962 0.3167
vn 0.2663 0.6378 0.7227
vn 0.1099 0.8414 0.5292
vn -0.0600 0.9665 0.2494
vn -0.0985 0.9907 0.0937
vn 0.5617 0.8250 0.0620
vn -0.0347 0.9990 0.0268
vn 0.0307 0.9953 0.0918
vn 0.1011 0.9921 -0.0746
vn 0.5536 0.7851 -0.2777
vn 0.6605 0.7508 0.0016
vn 0.4021 0.7829 0.4747
vn -0.0075 0.8308 0.5565
vn 0.0760 0.8592 0.5059
vn 0.2508 0.9384 0.2376
vn -0.5380 0.8429 0.0004
vn -0.4266 0.8589 -0.2834
vn -0.0244 0.8222 -0.5687
vn -0.1682 0.8634 -0.4757
vn -0.2078 0.9599 -0.1880
vn -0.0039 1.0000 -0.0076
vn -0.0010 1.0000 -0.0033
vn 0.0000 1.0000 -0.0025
vn -0.0014 1.0000 -0.0012
vn 0.0249 0.9997 0.0014
vn 0.0058 0.9999 0.0117
vn 0.2201 0.9686 0.1157
vn 0.2338 0.9668 0.1036
vn 0.3534 0.9355 -0.0028
vn -0.3277 0.9442 -0.0316
vn -0.2140 0.9768 0.0031
vn -0.0066 0.9943 0.1062
vn -0.0456 0.9955 0.0829
vn -0.5942 0.8040 0.0226
vn 0.2680 0.9603 -0.0770
vn -0.7133 0.5559 -0.4268
vn -0.1863 0.6950 -0.6944
vn -0.9876 0.1493 -0.0490
vn 0.9909 0.1233 -0.0543
vn -0.7125 0.3421 -0.6126
vn 0.3546 0.5763 -0.7363
vn 0.1184 0.8795 0.4609
vn -0.0214 0.7773 0.6288
vn 0.7119 0.6987 -0.0712
vn -0.3813 0.9189 -0.1014
vn 0.4166 0.8368 -0.3553
vn 0.1377 0.9854 -0.1001
vn 0.0071 0.9979 0.0647
vn -0.1123 0.9744 0.1947
vn 0.3456 0.6900 0.6360
vn -0.1845 0.9808 -0.0628
vn 0.0701 0.9566 -0.2829
vn 0.1683 0.9804 -0.1022
vn 0.3574 0.9336 0.0255
vn 0.8285 0.5562 -0.0651
vn 0.5212 0.8524 -0.0422
vn -0.2907 0.9221 -0.2554
vn -0.0527 0.8510 -0.5225
vn 0.0017 0.8301 -0.5576
vn -0.2858 0.8934 -0.3467
vn -0.3851 0.8914 0.2391
vn -0.0369 0.8309 0.5552
vn -0.1684 0.8644 0.4737
vn -0.2097 0.9601 0.1852
vn 0.0342 0.9994 0.0069
vn -0.0109 0.9999 -0.0104
vn 0.3706 0.9283 -0.0320
vn 0.0403 0.9953 -0.0875
vn 0.4671 0.8801 -0.0850
vn -0.3180 0.9476 0.0312
vn -0.0678 0.9886 0.1348
vn -0.0678 0.9903 0.1215
vn -0.1290 0.9915 0.0148
vn -0.5555 0.8305 0.0408
vn -0.5515 0.6607 -0.5093
vn -0.4569 0.8169 -0.3520
vn 0.3329 0.6131 0.7165
vn -0.9846 0.1384 0.1071
vn 0.9008 0.1784 -0.3959
vn -0.3207 0.3541 -0.8785
vn 0.9472 0.3152 0.0584
vn 0.4712 0.8471 0.2457
vn -0.4659 0.8823 0.0666
vn -0.1047 0.9525 -0.2860
vn -0.1200 0.9919 -0.0407
vn 0.4542 0.8842 -0.1096
vn 0.3350 0.9179 -0.2126
vn -0.1549 0.9785 -0.1363
vn 0.2729 0.8989 -0.3427
vn 0.2607 0.9586 -0.1148
vn -0.2858 0.9581 0.0185
vn 0.0392 0.9986 0.0352
vn 0.3432 0.9317 -0.1190
vn 0.3419 0.9347 -0.0968
vn 0.8303 0.5573 -0.0062
vn 0.5317 0.8469 -0.0032
vn -0.2910 0.9209 0.2593
vn -0.0525 0.8495 0.5250
vn 0.0000 0.8296 0.5583
vn -0.0004 0.8295 0.5586
vn 0.0000 0.8293 0.5588
vn -0.4033 0.7981 0.4476
vn -0.5325 0.8199 0.2103
vn -0.0352 0.9988 0.0338
vn 0.0000 1.0000 0.0025
vn 0.0246 0.9996 -0.0132
vn 0.0258 0.9993 0.0284
vn 0.3428 0.9361 0.0784
vn 0.0678 0.9874 0.1429
vn 0.3628 0.9231 0.1277
vn -0.3787 0.9215 -0.0863
vn 0.1348 0.9810 -0.1394
vn -0.2237 0.9714 -0.0798
vn -0.0964 0.9915 -0.0878
vn -0.3051 0.9269 0.2183
vn -0.9051 0.4185 0.0749
vn -0.2453 0.6213 -0.7442
vn 0.2480 0.3577 -0.9003
vn -0.9666 0.1502 -0.2075
vn 0.9245 0.3790 -0.0408
vn 0.8849 0.3758 0.2751
vn 0.9104 0.3276 0.2527
vn 0.2201 0.9510 -0.2174
vn -0.4162 0.8970 0.1489
vn 0.1221 0.8516 0.5098
vn -0.0518 0.8518 0.5213
vn -0.1738 0.9627 0.2072
vn 0.3263 0.9257 -0.1912
vn -0.2164 0.9747 0.0567
vn 0.6802 0.7309 0.0554
vn 0.3799 0.9226 -0.0663
vn -0.2110 0.9774 -0.0103
vn 0.0720 0.9572 0.2804
vn 0.0466 0.9814 0.1865
vn 0.4141 0.9097 -0.0318
vn 0.7777 0.6107 -0.1490
vn 0.4033 0.7981 -0.4476
vn 0.0000 0.8293 -0.5588
vn 0.0526 0.8493 -0.5254
vn 0.2910 0.9209 -0.2594
vn -0.5343 0.8453 0.0000
vn -0.4248 0.8597 0.2836
vn -0.0289 0.8223 0.5683
vn 0.0000 0.8106 0.5857
vn -0.1423 0.8592 0.4914
vn -0.1992 0.9640 0.1762
vn 0.2789 0.9463 -0.1634
vn 0.1396 0.9492 -0.2818
vn 0.4467 0.8774 -0.1751
vn -0.3533 0.9323 0.0780
vn -0.0071 1.0000 0.0051
vn -0.1568 0.9856 -0.0625
vn -0.0396 0.9977 0.0542
vn -0.2918 0.9393 -0.1805
vn -0.8163 0.5289 0.2323
vn -0.7976 0.4204 0.4326
vn 0.4732 0.5916 0.6528
vn -0.9773 0.1716 0.1240
vn 0.9190 0.2480 0.3065
vn 0.7888 0.3728 0.4887
vn 0.8685 0.4892 0.0798
vn -0.1092 0.9892 0.0974
vn 0.2972 0.9474 0.1187
vn 0.2989 0.8865 0.3532
vn -0.5138 0.8203 0.2512
vn -0.1096 0.9626 0.2478
vn -0.0723 0.9657 0.2492
vn -0.1460 0.9819 -0.1209
vn 0.4691 0.8724 -0.1372
vn 0.4404 0.8966 -0.0473
vn -0.1365 0.9887 0.0614
vn -0.0010 0.9989 -0.0474
vn 0.0224 0.9915 -0.1283
vn 0.4453 0.8953 -0.0113
vn 0.6309 0.7651 -0.1291
vn 0.1644 0.8624 -0.4787
vn 0.0000 0.8106 -0.5857
vn 0.0289 0.8223 -0.5683
vn 0.4248 0.8597 -0.2836
vn 0.5343 0.8453 0.0000
vn -0.2910 0.9209 0.2594
vn -0.0526 0.8493 0.5254
vn -0.3879 0.8063 0.4465
vn -0.5230 0.8208 0.2298
vn -0.0062 0.9995 0.0299
vn 0.0210 0.9824 -0.1859
vn 0.7386 0.6631 -0.1216
vn -0.3496 0.9355 -0.0515
vn -0.1003 0.9950 -0.0041
vn -0.0944 0.9949 0.0362
vn -0.0633 0.9970 -0.0451
vn -0.4650 0.8852 -0.0104
vn -0.6154 0.7759 -0.1390
vn -0.9023 0.3895 -0.1846
vn -0.1656 0.4472 -0.8790
vn -0.9215 0.1992 -0.3335
vn 0.9795 0.1677 0.1120
vn 0.3430 0.6339 0.6932
vn 0.8019 0.4775 0.3590
vn -0.3400 0.9344 0.1064
vn 0.6162 0.7544 0.2261
vn -0.0694 0.9929 0.0964
vn -0.3780 0.9178 0.1217
vn -0.0619 0.9597 0.2740
vn -0.2891 0.9476 0.1360
vn -0.2363 0.9438 0.2309
vn 0.4781 0.8265 0.2971
vn 0.4475 0.8911 0.0757
vn -0.0975 0.9947 -0.0329
vn -0.1319 0.9900 -0.0497
vn 0.2058 0.9781 0.0320
vn 0.4048 0.9102 0.0876
vn 0.5123 0.8588 -0.0022
vn 0.0014 1.0000 -0.0012
vn 0.0352 0.9988 -0.0338
vn 0.5325 0.8199 -0.2103
vn -0.3824 0.8041 -0.4552
vn -0.4456 0.8740 -0.1938
vn -0.0611 0.9910 0.1193
vn -0.0371 0.9795 0.1980
vn 0.6809 0.7234 0.1137
vn -0.3342 0.9413 0.0489
vn -0.1480 0.9882 -0.0407
vn -0.0746 0.9910 -0.1107
vn -0.0502 0.9987 0.0100
vn -0.5427 0.8341 -0.0985
vn -0.7604 0.5707 -0.3101
vn -0.7938 0.6007 0.0948
vn -0.1322 0.3629 0.9224
vn -0.9135 0.1845 0.3625
vn 0.9887 0.1500 -0.0001
vn -0.2721 0.8518 -0.4476
vn 0.4028 0.4680 -0.7866
vn -0.6327 0.7357 0.2416
vn 0.5765 0.7689 -0.2765
vn -0.0023 0.9880 -0.1546
vn 0.1881 0.9054 0.3807
vn -0.6002 0.7875 0.1401
vn -0.3034 0.9338 -0.1899
vn -0.2262 0.9518 -0.2073
vn 0.3571 0.9121 -0.2013
vn 0.3841 0.9212 -0.0622
vn -0.1074 0.9938 0.0269
vn -0.0888 0.9823 0.1651
vn 0.1481 0.9667 0.2086
vn 0.2929 0.9562 0.0023
vn 0.5310 0.8471 -0.0221
vn 0.2087 0.9601 -0.1861
vn 0.0117 0.8154 -0.5787
vn -0.1536 0.8675 -0.4731
vn 0.0963 0.9850 -0.1428
vn -0.1260 0.9893 -0.0741
vn 0.0621 0.9857 -0.1564
vn 0.6279 0.7780 -0.0234
vn -0.3900 0.9160 -0.0942
vn -0.1937 0.9748 -0.1109
vn 0.0924 0.9945 0.0488
vn -0.0656 0.9964 0.0536
vn -0.5562 0.8248 0.1017
vn -0.6325 0.6094 0.4782
vn 0.1596 0.4747 0.8656
vn -0.6335 0.7073 0.3138
vn -0.9819 0.1544 -0.1095
vn 0.9889 0.1476 0.0144
vn -0.2629 0.7878 0.5570
vn -0.4035 0.7776 0.4822
vn -0.6940 0.7038 -0.1520
vn 0.2618 0.9630 -0.0639
vn 0.4693 0.8643 -0.1810
vn 0.0931 0.9257 -0.3666
vn -0.6213 0.7489 -0.2304
vn -0.3678 0.9285 -0.0503
vn 0.0768 0.9806 0.1804
vn 0.2933 0.9480 0.1240
vn 0.6615 0.7494 -0.0289
vn -0.1779 0.9839 -0.0147
vn 0.0825 0.9848 -0.1531
vn 0.0554 0.9944 -0.0904
vn 0.3162 0.9479 -0.0386
vn 0.5357 0.8443 0.0150
vn 0.0328 0.9994 0.0076
vn 0.0867 0.9915 0.0971
vn 0.1506 0.9885 0.0092
vn -0.1024 0.9945 0.0228
vn 0.3078 0.8935 0.3270
vn 0.2764 0.9289 0.2464
vn -0.4470 0.8945 -0.0120
vn 0.0488 0.9969 0.0611
vn -0.0276 0.9995 0.0183
vn -0.0296 0.9977 -0.0607
vn -0.3402 0.9255 0.1664
vn -0.5274 0.8381 0.1394
vn 0.0395 0.7942 -0.6064
vn -0.8385 0.2116 -0.5021
vn -0.8912 0.2380 -0.3861
vn 0.9754 0.1670 -0.1442
vn 0.7355 0.5451 -0.4023
vn -0.3832 0.7105 0.5902
vn -0.4702 0.8685 -0.1566
vn 0.2922 0.9518 0.0930
vn 0.2408 0.9705 0.0090
vn 0.0500 0.9926 -0.1109
vn -0.4364 0.8982 0.0534
vn -0.3193 0.9378 0.1367
vn 0.1122 0.9932 0.0324
vn 0.0002 0.9990 -0.0447
vn 0.8901 0.4364 -0.1312
vn -0.2484 0.9667 -0.0615
vn 0.2124 0.9723 -0.0978
vn 0.1208 0.9918 0.0414
vn 0.2981 0.9529 0.0557
vn 0.5357 0.8443 -0.0139
vn 0.0399 0.9992 -0.0041
vn 0.1798 0.9835 -0.0217
vn 0.0317 0.9987 0.0405
vn 0.0108 0.9993 0.0352
vn 0.2155 0.8888 -0.4045
vn 0.1091 0.7771 -0.6198
vn -0.2306 0.9714 -0.0558
vn -0.0504 0.9909 0.1250
vn -0.1438 0.9893 -0.0243
vn 0.0189 0.9996 -0.0194
vn -0.2863 0.9489 -0.1329
vn -0.3671 0.9197 0.1392
vn -0.8624 0.4724 -0.1819
vn -0.9634 0.2384 -0.1229
vn -0.9000 0.4314 0.0620
vn 0.9379 0.2483 -0.2423
vn 0.9195 0.2674 -0.2880
vn 0.5563 0.7904 0.2566
vn -0.4053 0.9101 0.0862
vn 0.5573 0.8066 0.1973
vn -0.1572 0.9444 0.2888
vn 0.1516 0.9774 0.1472
vn -0.4088 0.9080 0.0917
vn -0.3122 0.9483 0.0564
vn -0.0981 0.9946 0.0329
vn 0.0318 0.9987 0.0407
vn 0.8773 0.4160 0.2391
vn -0.2356 0.9708 0.0449
vn 0.2806 0.9182 0.2795
vn 0.0822 0.9940 0.0717
vn 0.1661 0.9777 -0.1288
vn 0.1853 0.8228 -0.5372
vn -0.0243 0.6740 -0.7383
vn -0.0159 0.6552 -0.7553
vn 0.0080 0.6501 -0.7598
vn 0.0691 0.6800 -0.7299
vn -0.0766 0.6778 -0.7313
vn 0.0378 0.6537 -0.7558
vn -0.0245 0.6630 -0.7483
vn 0.0704 0.6764 -0.7332
vn -0.0563 0.6853 -0.7261
vn 0.0576 0.6795 -0.7314
vn -0.0709 0.6748 -0.7346
vn 0.0092 0.6427 -0.7661
vn 0.0770 0.6757 -0.7331
vn 0.0264 0.7090 -0.7048
vn 0.0248 0.6425 -0.7659
vn 0.0629 0.5537 -0.8303
vn 0.0456 0.5902 -0.8060
vn -0.0953 0.6781 -0.7288
vn 0.1484 0.6634 -0.7334
vn 0.0049 0.5714 -0.8207
vn -0.0955 0.5769 -0.8112
vn -0.0646 0.6778 -0.7324
vn 0.0822 0.7393 -0.6683
vn 0.1813 0.9583 -0.2210
vn -0.6547 0.6398 -0.4026
vn -0.4394 0.8061 0.3964
vn -0.3317 0.2259 0.9159
vn -0.8762 0.1635 0.4534
vn 0.9108 0.1853 0.3688
vn 0.5387 0.6726 0.5073
vn 0.8368 0.3268 -0.4393
vn -0.3774 0.9188 -0.1155
vn 0.6780 0.7345 -0.0276
vn -0.0285 0.9741 0.2244
vn 0.0327 0.9277 0.3719
vn -0.4841 0.8511 0.2032
vn -0.4397 0.8963 0.0580
vn -0.1688 0.9847 -0.0423
vn -0.0847 0.9889 -0.1223
vn 0.6405 0.6754 -0.3655
vn -0.1585 0.9783 -0.1332
vn 0.0972 0.9541 -0.2833
vn 0.0918 0.9498 -0.2989
vn -0.0281 0.9446 -0.3271
vn -0.1485 0.9037 -0.4016
vn 0.0623 0.9480 -0.3121
vn -0.0735 0.9661 -0.2474
vn 0.1129 0.9733 -0.1997
vn 0.0444 0.9733 -0.2250
vn -0.0666 0.9733 -0.2197
vn -0.0885 0.9596 -0.2671
vn -0.0131 0.9264 -0.3762
vn 0.0852 0.9104 -0.4049
vn -0.0255 0.9289 -0.3695
vn 0.0477 0.9355 -0.3501
vn -0.0872 0.9356 -0.3420
vn -0.1120 0.9164 -0.3843
vn 0.2628 0.8422 -0.4707
vn 0.0179 0.9117 -0.4104
vn -0.1056 0.9159 -0.3873
vn 0.1718 0.9481 -0.2677
vn 0.0771 0.9633 -0.2572
vn -0.1333 0.8993 -0.4166
vn 0.0063 0.8282 -0.5604
vn 0.1114 0.8997 -0.4222
vn 0.0113 0.9725 -0.2327
vn -0.0019 0.9556 -0.2946
vn 0.1686 0.9234 -0.3448
vn 0.2902 0.7426 -0.6036
vn -0.7070 0.6856 -0.1738
vn 0.8045 0.5498 0.2245
vn -0.7056 0.2926 -0.6454
vn -0.9225 0.1557 -0.3532
vn 0.9599 0.1694 -0.2233
vn 0.5531 0.7301 0.4013
vn 0.5450 0.5216 0.6565
vn -0.5378 0.7921 0.2889
vn 0.6410 0.7669 -0.0308
vn 0.0526 0.9536 -0.2964
vn 0.0587 0.9327 -0.3557
vn -0.5750 0.7770 -0.2562
vn -0.4026 0.8882 -0.2214
vn 0.0078 0.9968 -0.0793
vn -0.1929 0.9795 0.0574
vn 0.1340 0.9487 -0.2865
vn -0.0677 0.9409 -0.3319
vn 0.3485 0.9371 -0.0196
vn -0.0706 0.9974 0.0171
vn -0.1759 0.9597 -0.2191
vn -0.0531 0.9865 -0.1551
vn -0.1170 0.9460 -0.3024
vn 0.0294 0.8909 -0.4533
vn 0.0135 0.8800 -0.4748
vn 0.1394 0.8662 -0.4798
vn 0.0700 0.9548 -0.2888
vn -0.2263 0.9432 -0.2434
vn 0.2143 0.9685 -0.1268
vn -0.1159 0.9868 -0.1128
vn -0.0836 0.9287 -0.3613
vn 0.1816 0.9097 -0.3735
vn -0.0012 0.9845 -0.1753
vn -0.2655 0.9417 -0.2067
vn 0.4637 0.8589 -0.2176
vn 0.0922 0.9926 -0.0793
vn -0.2834 0.9325 -0.2239
vn 0.1793 0.7820 -0.5970
vn 0.0816 0.8108 -0.5797
vn -0.2145 0.8775 -0.4289
vn 0.0785 0.9196 -0.3850
vn 0.3209 0.8768 -0.3581
vn -0.1877 0.8414 -0.5068
vn 0.1412 0.7841 -0.6044
vn 0.2925 0.8885 -0.3537
vn -0.2065 0.9320 -0.2978
vn 0.0748 0.9157 -0.3948
vn -0.1096 0.5286 -0.8418
vn -0.9100 0.3529 -0.2174
vn -0.9583 0.2251 0.1762
vn 0.9548 0.2644 -0.1361
vn 0.7875 0.2579 -0.5598
vn -0.0390 0.4777 -0.8777
vn -0.6485 0.7470 -0.1465
vn 0.6502 0.7584 0.0451
vn -0.1889 0.9742 0.1239
vn 0.1953 0.9761 0.0956
vn -0.5755 0.8035 0.1521
vn -0.4198 0.9028 0.0936
vn 0.0660 0.9911 -0.1155
vn -0.2354 0.9575 -0.1669
vn -0.0873 0.9846 -0.1515
vn -0.0800 0.9898 -0.1178
vn 0.2376 0.7942 -0.5592
vn 0.0175 0.8542 -0.5197
vn -0.1748 0.9422 -0.2860
vn -0.1692 0.8663 -0.4699
vn -0.1800 0.8500 -0.4950
vn 0.0905 0.8679 -0.4884
vn -0.0762 0.8905 -0.4486
vn 0.1727 0.8004 -0.5741
vn 0.0375 0.7374 -0.6744
vn -0.1185 0.8186 -0.5621
vn 0.1745 0.7181 -0.6737
vn -0.1109 0.7830 -0.6120
vn -0.1183 0.8893 -0.4418
vn 0.1941 0.8050 -0.5606
vn 0.0031 0.7690 -0.6392
vn -0.1744 0.8782 -0.4453
vn 0.2532 0.7747 -0.5794
vn 0.0714 0.6742 -0.7351
vn -0.2471 0.8431 -0.4777
vn 0.0254 0.9351 -0.3535
vn 0.1076 0.8714 -0.4787
vn -0.1245 0.9119 -0.3911
vn 0.1202 0.8949 -0.4299
vn 0.0829 0.8128 -0.5766
vn -0.1782 0.8965 -0.4057
vn 0.6528 0.7543 -0.0696
vn 0.2916 0.9565 0.0078
vn -0.1513 0.9875 0.0452
vn -0.4290 0.8694 -0.2454
vn -0.6126 0.7895 -0.0381
vn -0.0423 0.8045 0.5924
vn -0.9819 0.1757 0.0708
vn 0.9554 0.2750 0.1079
vn 0.6537 0.7565 -0.0188
vn 0.9389 0.3286 0.1021
vn -0.4995 0.8646 -0.0542
vn 0.7187 0.6917 0.0709
vn -0.3928 0.9196 -0.0102
vn 0.1163 0.9612 -0.2502
vn -0.4301 0.8820 -0.1925
vn -0.4079 0.9097 0.0777
vn -0.1035 0.9868 0.1244
vn -0.2968 0.9547 -0.0205
vn 0.2293 0.9711 0.0655
vn -0.3568 0.9326 -0.0538
vn -0.0388 0.9390 -0.3417
vn 0.1258 0.8725 -0.4721
vn -0.0868 0.8865 -0.4546
vn -0.1971 0.9645 -0.1757
vn 0.3817 0.8594 0.3402
vn 0.0546 0.8421 0.5366
vn -0.0319 0.8525 0.5218
vn -0.1425 0.9129 0.3824
vn 0.0493 0.9349 0.3514
vn 0.1007 0.8807 0.4629
vn -0.0476 0.8905 0.4525
vn 0.0612 0.8706 0.4881
vn 0.0619 0.8284 0.5567
vn -0.1090 0.8739 0.4737
vn -0.0706 0.9260 0.3709
vn 0.1339 0.8815 0.4527
vn -0.0500 0.8909 0.4515
vn -0.0966 0.9343 0.3431
vn 0.2322 0.8413 0.4882
vn -0.0478 0.8586 0.5104
vn 0.0091 0.8629 0.5052
vn -0.0518 0.8853 0.4622
vn -0.0468 0.9146 0.4017
vn 0.1544 0.8447 0.5125
vn -0.0139 0.8421 0.5391
vn 0.4329 0.7780 0.4553
vn -0.0494 0.9980 0.0400
vn 0.2726 0.9618 0.0247
vn -0.8432 0.5280 -0.1007
vn 0.7504 0.5966 0.2846
vn -0.2555 0.6360 0.7282
vn -0.9866 0.1525 0.0582
vn 0.9397 0.1524 0.3060
vn -0.4346 0.3044 0.8476
vn 0.9334 0.3481 0.0868
vn -0.4302 0.9024 -0.0246
vn 0.6482 0.7393 -0.1827
vn -0.2104 0.9737 -0.0877
vn -0.0865 0.9836 0.1583
vn -0.2458 0.9601 0.1337
vn -0.3342 0.9351 0.1176
vn -0.2647 0.9643 0.0058
vn -0.2577 0.9646 0.0567
vn -0.0093 0.9852 -0.1712
vn -0.2193 0.9738 0.0600
vn -0.1394 0.9390 0.3143
vn -0.0169 0.9656 0.2597
vn 0.1362 0.8973 0.4199
vn -0.0089 0.8894 0.4570
vn 0.4042 0.8611 0.3084
vn 0.3065 0.9473 0.0932
vn -0.0876 0.9787 0.1854
vn -0.1497 0.9415 0.3020
vn 0.0624 0.8930 0.4457
vn 0.0614 0.9464 0.3170
vn -0.1071 0.9778 0.1799
vn 0.1778 0.9560 0.2333
vn -0.0661 0.9972 0.0357
vn -0.1153 0.9933 0.0028
vn -0.1310 0.9761 0.1734
vn 0.3329 0.9181 0.2150
vn -0.0106 0.9586 0.2845
vn -0.1977 0.9301 0.3094
vn 0.4689 0.8437 0.2612
vn -0.1506 0.9830 0.1052
vn -0.0178 0.9991 0.0391
vn 0.0062 0.9914 0.1305
vn -0.0573 0.9589 0.2780
vn 0.1030 0.9861 0.1302
vn -0.0493 0.9909 -0.1249
vn 0.3276 0.9446 -0.0185
vn -0.1593 0.9771 0.1412
vn 0.3547 0.9303 0.0933
vn -0.2329 0.5751 0.7843
vn -0.5994 0.8003 -0.0143
vn 0.5356 0.5345 -0.6538
vn -0.9899 0.1389 0.0284
vn 0.8944 0.1618 -0.4169
vn 0.1545 0.3940 -0.9061
vn 0.3761 0.9140 -0.1520
vn -0.5436 0.8246 0.1566
vn 0.3906 0.9101 -0.1382
vn 0.3217 0.9273 -0.1912
vn -0.0879 0.9952 0.0440
vn -0.0057 0.9608 0.2771
vn -0.4998 0.8287 0.2518
vn -0.3163 0.9392 0.1335
vn -0.0827 0.9766 0.1986
vn -0.3199 0.9286 0.1882
vn 0.2297 0.9710 0.0655
vn -0.0681 0.9758 0.2076
vn -0.0109 0.9267 0.3757
vn -0.0120 0.9915 0.1296
vn -0.0064 0.9900 -0.1409
vn 0.1801 0.9836 -0.0092
vn 0.2982 0.9543 -0.0173
vn 0.1191 0.9899 0.0769
vn -0.1155 0.9814 0.1536
vn 0.0861 0.9932 0.0782
vn -0.1439 0.9845 0.1003
vn -0.0029 0.9891 0.1472
vn 0.0481 0.9935 0.1029
vn -0.0947 0.9847 0.1463
vn 0.0480 0.9551 0.2923
vn -0.0995 0.9582 0.2682
vn 0.2076 0.9506 0.2307
vn 0.0104 0.9982 0.0590
vn 0.0380 0.9634 0.2654
vn -0.0855 0.9643 0.2507
vn -0.0483 0.9941 0.0968
vn 0.0644 0.9409 0.3326
vn -0.0212 0.9565 0.2910
vn -0.0127 0.9887 0.1495
vn -0.1057 0.9791 0.1740
vn 0.0434 0.9539 0.2969
vn 0.3016 0.9092 0.2871
vn 0.0680 0.9264 0.3703
vn 0.2758 0.7577 0.5914
vn -0.2587 0.8738 -0.4118
vn -0.8659 0.4978 0.0495
vn -0.4257 0.6113 -0.6672
vn -0.9048 0.1817 -0.3850
vn 0.9263 0.2215 0.3049
vn 0.7668 0.3977 0.5038
vn 0.5709 0.5745 0.5865
vn -0.5965 0.7977 -0.0886
vn 0.3022 0.9520 0.0498
vn 0.3593 0.9324 0.0385
vn -0.0424 0.9902 -0.1328
vn 0.1346 0.9700 -0.2025
vn -0.1640 0.9479 0.2730
vn -0.5435 0.7568 0.3632
vn 0.0362 0.9768 0.2112
vn -0.3510 0.9075 0.2309
vn 0.0473 0.9481 0.3144
vn 0.1498 0.9644 0.2178
vn 0.1047 0.9544 0.2797
vn -0.2263 0.8989 0.3753
vn -0.0339 0.9286 0.3696
vn 0.1776 0.9421 0.2844
vn 0.1366 0.9752 0.1741
vn 0.6129 0.6594 0.4353
vn -0.1063 0.6595 0.7441
vn 0.0773 0.6530 0.7534
vn -0.0686 0.6470 0.7594
vn -0.0479 0.6677 0.7429
vn -0.0429 0.7082 0.7047
vn -0.0423 0.7354 0.6764
vn 0.1727 0.6895 0.7034
vn -0.1709 0.6871 0.7062
vn 0.0074 0.7699 0.6382
vn 0.0092 0.7659 0.6430
vn 0.1080 0.8037 0.5852
vn 0.0074 0.7533 0.6576
vn -0.0923 0.7044 0.7038
vn 0.1920 0.7268 0.6595
vn -0.1956 0.7343 0.6501
vn 0.0581 0.7458 0.6637
vn 0.0808 0.6591 0.7477
vn -0.0181 0.6514 0.7585
vn 0.0244 0.7366 0.6759
vn 0.0346 0.8748 0.4833
vn 0.2263 0.9726 0.0541
vn -0.8740 0.4780 -0.0872
vn 0.4048 0.9017 -0.1520
vn -0.9478 0.2784 0.1557
vn -0.9415 0.2830 0.1828
vn 0.9849 0.1731 -0.0054
vn -0.4446 0.6703 -0.5941
vn 0.8490 0.3090 -0.4286
vn -0.5906 0.8029 0.0805
vn 0.5807 0.7719 0.2588
vn -0.0295 0.9398 0.3406
vn 0.0254 0.9747 0.2221
vn 0.1627 0.9166 0.3652
vn -0.0981 0.9952 0.0026
vn -0.4211 0.9024 0.0914
vn 0.0839 0.8294 0.5524
vn -0.1461 0.7592 0.6342
vn 0.0782 0.6800 0.7290
vn -0.0001 0.6695 0.7428
vn 0.1125 0.7128 0.6922
vn -0.2403 0.7556 0.6094
vn 0.0758 0.7229 0.6867
vn 0.0344 0.6792 0.7332
vn -0.1202 0.7758 0.6194
vn 0.5830 0.8125 0.0046
vn 0.0395 0.8997 -0.4347
vn 0.1746 0.9560 -0.2358
vn 0.0395 0.9935 -0.1072
vn -0.1098 0.9925 0.0540
vn -0.2190 0.9757 -0.0021
vn -0.1789 0.9679 -0.1765
vn 0.4407 0.8863 -0.1426
vn -0.3424 0.9366 -0.0744
vn -0.0670 0.9977 -0.0129
vn 0.0069 0.9954 -0.0961
vn 0.1440 0.9890 0.0347
vn 0.2841 0.9474 0.1475
vn -0.3202 0.9446 0.0719
vn 0.0509 0.9871 -0.1521
vn -0.0122 0.9953 -0.0958
vn -0.0036 0.9978 0.0663
vn 0.1282 0.9629 -0.2376
vn 0.0221 0.9717 -0.2351
vn -0.0721 0.9967 -0.0376
vn -0.0276 0.9839 0.1766
vn -0.3776 0.9248 0.0454
vn -0.7694 0.6210 0.1496
vn -0.7067 0.5597 -0.4328
vn -0.1025 0.9912 -0.0837
vn -0.9634 0.1837 0.1952
vn 0.9843 0.1760 -0.0101
vn 0.2967 0.4462 0.8443
vn 0.3932 0.4161 0.8199
vn -0.4802 0.8504 -0.2148
vn 0.5993 0.7651 -0.2354
vn -0.0864 0.9370 -0.3386
vn 0.0372 0.9648 -0.2604
vn 0.0183 0.8691 -0.4944
vn 0.0533 0.9834 -0.1735
vn 0.0861 0.9377 0.3365
vn -0.1212 0.9884 0.0914
vn 0.1167 0.9930 -0.0188
vn 0.0005 0.9975 -0.0700
vn 0.1542 0.9850 -0.0771
vn -0.2247 0.9659 -0.1285
vn -0.2813 0.9153 -0.2883
vn 0.3902 0.9137 -0.1137
vn 0.0961 0.9928 0.0715
vn -0.2880 0.9299 0.2289
vn 0.0268 0.9440 0.3288
vn 0.2034 0.9146 0.3494
vn 0.1448 0.9535 0.2643
vn -0.2330 0.9631 -0.1350
vn 0.1176 0.9392 -0.3225
vn -0.1878 0.9811 -0.0463
vn -0.2706 0.9599 0.0728
vn 0.4802 0.8771 0.0110
vn -0.2285 0.9695 0.0888
vn -0.2998 0.9509 -0.0764
vn 0.0092 0.9775 -0.2109
vn 0.3233 0.9335 -0.1552
vn 0.0248 0.9431 -0.3317
vn -0.0531 0.9658 -0.2538
vn -0.0715 0.9914 0.1094
vn 0.0511 0.9987 -0.0012
vn -0.2324 0.9241 -0.3035
vn 0.0241 0.9487 -0.3151
vn 0.4032 0.9135 -0.0548
vn -0.1551 0.9873 0.0330
vn 0.0349 0.9795 -0.1985
vn -0.5468 0.8119 -0.2044
vn -0.5259 0.8433 -0.1109
vn -0.9479 0.3165 -0.0358
vn 0.7638 0.4889 -0.4213
vn -0.9745 0.1757 -0.1394
vn 0.9771 0.1944 -0.0867
vn 0.7725 0.3491 -0.5304
vn -0.3613 0.4610 -0.8105
vn -0.2569 0.9664 -0.0133
vn 0.4189 0.9079 0.0188
vn 0.1240 0.9921 -0.0187
vn 0.1446 0.9736 0.1765
vn 0.0538 0.8503 0.5236
vn 0.1020 0.9507 0.2930
vn 0.0707 0.9786 -0.1930
vn -0.3966 0.8937 -0.2097
vn 0.0612 0.9088 -0.4128
vn 0.2774 0.9445 -0.1760
vn -0.0364 0.9954 -0.0885
vn -0.3311 0.8966 -0.2942
vn 0.0701 0.9952 0.0683
vn 0.2660 0.9608 0.0777
vn 0.2249 0.9665 -0.1240
vn -0.3008 0.9367 -0.1793
vn 0.1660 0.9711 -0.1715
vn 0.0765 0.9755 -0.2062
vn -0.1144 0.8941 -0.4330
vn 0.0644 0.9970 -0.0430
vn -0.3021 0.9525 0.0372
vn 0.4006 0.9126 -0.0818
vn -0.5393 0.8417 0.0247
vn 0.4089 0.8745 -0.2610
vn -0.1339 0.9304 -0.3413
vn -0.2071 0.9781 -0.0204
vn 0.1982 0.9125 0.3577
vn -0.1489 0.9854 0.0832
vn 0.1244 0.9887 -0.0839
vn 0.1850 0.9741 0.1297
vn -0.2759 0.9389 -0.2060
vn 0.0047 0.9448 -0.3276
vn -0.1680 0.9857 0.0113
vn -0.0380 0.9988 0.0309
vn 0.2177 0.8828 -0.4162
vn 0.0392 0.8724 -0.4872
vn 0.1507 0.9879 -0.0376
vn -0.3703 0.8794 0.2992
vn -0.7631 0.6453 -0.0344
vn -0.8492 0.4726 0.2356
vn -0.0758 0.7655 0.6389
vn -0.9781 0.2081 0.0082
vn 0.7487 0.3106 -0.5857
vn 0.3970 0.2422 -0.8853
vn 0.9020 0.3338 -0.2738
usemtl None
s off
f 2029/1/1 89/2/1 84/3/1 1983/4/1
f 140/5/2 42/6/2 43/7/2 185/8/2
f 185/8/3 43/7/3 44/9/3 230/10/3
f 230/10/4 44/9/4 45/11/4 275/12/4
f 275/12/5 45/11/5 46/13/5 320/14/5
f 320/14/6 46/13/6 47/15/6 365/16/6
f 365/16/7 47/15/7 48/17/7 410/18/7
f 410/18/8 48/17/8 49/19/8 455/20/8
f 455/20/9 49/19/9 50/21/9 500/22/9
f 500/22/10 50/21/10 51/23/10 545/24/10
f 545/24/11 51/23/11 52/25/11 590/26/11
f 590/26/12 52/25/12 53/27/12 635/28/12
f 635/28/13 53/27/13 54/29/13 680/30/13
f 680/30/14 54/29/14 55/31/14 725/32/14
f 725/32/15 55/31/15 56/33/15 770/34/15
f 770/34/16 56/33/16 57/35/16 815/36/16
f 815/36/17 57/35/17 58/37/17 860/38/17
f 860/38/18 58/37/18 59/39/18 905/40/18
f 905/40/19 59/39/19 60/41/19 950/42/19
f 950/42/20 60/41/20 61/43/20 995/44/20
f 995/44/21 61/43/21 62/45/21 1040/46/21
f 1040/46/22 62/45/22 63/47/22 1085/48/22
f 1085/48/23 63/47/23 64/49/23 1130/50/23
f 1130/50/24 64/49/24 65/51/24 1175/52/24
f 1175/52/25 65/51/25 66/53/25 1220/54/25
f 1220/54/26 66/53/26 67/55/26 1265/56/26
f 1265/56/27 67/55/27 68/57/27 1310/58/27
f 1310/58/28 68/57/28 69/59/28 1355/60/28
f 1355/60/29 69/59/29 70/61/29 1400/62/29
f 1400/62/30 70/61/30 71/63/30 1445/64/30
f 1445/64/31 71/63/31 72/65/31 1490/66/31
f 1490/66/32 72/65/32 73/67/32 1535/68/32
f 1535/68/33 73/67/33 74/69/33 1580/70/33
f 1580/70/34 74/69/34 75/71/34 1625/72/34
f 1625/72/35 75/71/35 76/73/35 1670/74/35
f 1670/74/36 76/73/36 77/75/36 1715/76/36
f 1715/76/37 77/75/37 78/77/37 1760/78/37
f 1760/78/38 78/77/38 79/79/38 1804/80/38
f 1804/80/39 79/79/39 80/81/39 1849/82/39
f 1984/83/1 83/84/1 92/85/1 2163/86/1
f 1983/4/1 84/3/1 90/87/1 2118/88/1
f 2164/89/40 91/90/40 83/84/40 1984/83/40
f 1894/91/1 82/92/1 89/2/1 2029/1/1
f 2118/88/1 90/87/1 42/6/1 140/5/1
f 2163/86/40 92/85/40 82/92/40 1894/91/40
f 139/93/41 2/94/41 91/90/41 2164/89/41
f 1/95/42 95/96/42 2208/97/42 93/98/42
f 95/96/43 96/99/43 2207/100/43 2208/97/43
f 96/99/44 97/101/44 2206/102/44 2207/100/44
f 97/101/45 98/103/45 2205/104/45 2206/102/45
f 98/103/46 99/105/46 2204/106/46 2205/104/46
f 99/105/47 100/107/47 2203/108/47 2204/106/47
f 100/107/48 101/109/48 2202/110/48 2203/108/48
f 101/109/49 102/111/49 2201/112/49 2202/110/49
f 102/111/50 103/113/50 2200/114/50 2201/112/50
f 103/113/51 104/115/51 2199/116/51 2200/114/51
f 104/115/52 105/117/52 2198/118/52 2199/116/52
f 105/117/53 106/119/53 2197/120/53 2198/118/53
f 106/119/54 107/121/54 2196/122/54 2197/120/54
f 107/121/55 108/123/55 2195/124/55 2196/122/55
f 108/123/56 109/125/56 2194/126/56 2195/124/56
f 109/125/57 110/127/57 2193/128/57 2194/126/57
f 110/127/58 111/129/58 2192/130/58 2193/128/58
f 111/129/59 112/131/59 2191/132/59 2192/130/59
f 112/131/60 113/133/60 2190/134/60 2191/132/60
f 113/133/61 114/135/61 2189/136/61 2190/134/61
f 114/135/62 115/137/62 2188/138/62 2189/136/62
f 115/137/63 116/139/63 2187/140/63 2188/138/63
f 116/139/64 117/141/64 2186/142/64 2187/140/64
f 117/141/65 118/143/65 2185/144/65 2186/142/65
f 118/143/66 119/145/66 2184/146/66 2185/144/66
f 119/145/67 120/147/67 2183/148/67 2184/146/67
f 120/147/68 121/149/68 2182/150/68 2183/148/68
f 121/149/69 122/151/69 2181/152/69 2182/150/69
f 122/151/70 123/153/70 2180/154/70 2181/152/70
f 123/153/71 124/155/71 2179/156/71 2180/154/71
f 124/155/72 125/157/72 2178/158/72 2179/156/72
f 125/157/73 126/159/73 2177/160/73 2178/158/73
f 126/159/74 127/161/74 2176/162/74 2177/160/74
f 127/161/75 128/163/75 2175/164/75 2176/162/75
f 128/163/76 129/165/76 2174/166/76 2175/164/76
f 129/165/77 130/167/77 2173/168/77 2174/166/77
f 130/167/78 131/169/78 2172/170/78 2173/168/78
f 131/169/79 132/171/79 2171/172/79 2172/170/79
f 132/171/80 133/173/80 2170/174/80 2171/172/80
f 133/173/81 134/175/81 2169/176/81 2170/174/81
f 134/175/82 135/177/82 2168/178/82 2169/176/82
f 135/177/83 136/179/83 2167/180/83 2168/178/83
f 136/179/84 137/181/84 2166/182/84 2167/180/84
f 137/181/85 138/183/85 2165/184/85 2166/182/85
f 138/183/86 139/93/86 2164/89/86 2165/184/86
f 94/185/40 2119/186/40 1938/187/40 81/188/40
f 2119/186/40 2120/189/40 1937/190/40 1938/187/40
f 2120/189/40 2121/191/40 1936/192/40 1937/190/40
f 2121/191/40 2122/193/40 1935/194/40 1936/192/40
f 2122/193/40 2123/195/40 1934/196/40 1935/194/40
f 2123/195/40 2124/197/40 1933/198/40 1934/196/40
f 2124/197/87 2125/199/87 1932/200/87 1933/198/87
f 2125/199/1 2126/201/1 1931/202/1 1932/200/1
f 2126/201/40 2127/203/40 1930/204/40 1931/202/40
f 2127/203/1 2128/205/1 1929/206/1 1930/204/1
f 2128/205/1 2129/207/1 1928/208/1 1929/206/1
f 2129/207/40 2130/209/40 1927/210/40 1928/208/40
f 2130/209/40 2131/211/40 1926/212/40 1927/210/40
f 2131/211/40 2132/213/40 1925/214/40 1926/212/40
f 2132/213/40 2133/215/40 1924/216/40 1925/214/40
f 2133/215/40 2134/217/40 1923/218/40 1924/216/40
f 2134/217/40 2135/219/40 1922/220/40 1923/218/40
f 2135/219/40 2136/221/40 1921/222/40 1922/220/40
f 2136/221/1 2137/223/1 1920/224/1 1921/222/1
f 2137/223/40 2138/225/40 1919/226/40 1920/224/40
f 2138/225/40 2139/227/40 1918/228/40 1919/226/40
f 2139/227/1 2140/229/1 1917/230/1 1918/228/1
f 2140/229/40 2141/231/40 1916/232/40 1917/230/40
f 2141/231/40 2142/233/40 1915/234/40 1916/232/40
f 2142/233/40 2143/235/40 1914/236/40 1915/234/40
f 2143/235/1 2144/237/1 1913/238/1 1914/236/1
f 2144/237/1 2145/239/1 1912/240/1 1913/238/1
f 2145/239/40 2146/241/40 1911/242/40 1912/240/40
f 2146/241/40 2147/243/40 1910/244/40 1911/242/40
f 2147/243/1 2148/245/1 1909/246/1 1910/244/1
f 2148/245/1 2149/247/1 1908/248/1 1909/246/1
f 2149/247/1 2150/249/1 1907/250/1 1908/248/1
f 2150/249/1 2151/251/1 1906/252/1 1907/250/1
f 2151/251/1 2152/253/1 1905/254/1 1906/252/1
f 2152/253/1 2153/255/1 1904/256/1 1905/254/1
f 2153/255/1 2154/257/1 1903/258/1 1904/256/1
f 2154/257/40 2155/259/40 1902/260/40 1903/258/40
f 2155/259/1 2156/261/1 1901/262/1 1902/260/1
f 2156/261/1 2157/263/1 1900/264/1 1901/262/1
f 2157/263/40 2158/265/40 1899/266/40 1900/264/40
f 2158/265/40 2159/267/40 1898/268/40 1899/266/40
f 2159/267/40 2160/269/40 1897/270/40 1898/268/40
f 2160/269/1 2161/271/1 1896/272/1 1897/270/1
f 2161/271/1 2162/273/1 1895/274/1 1896/272/1
f 2162/273/1 2163/86/1 1894/91/1 1895/274/1
f 88/275/40 2074/276/40 184/277/40 41/278/40
f 2074/276/88 2075/279/88 183/280/88 184/277/88
f 2075/279/1 2076/281/1 182/282/1 183/280/1
f 2076/281/1 2077/283/1 181/284/1 182/282/1
f 2077/283/1 2078/285/1 180/286/1 181/284/1
f 2078/285/1 2079/287/1 179/288/1 180/286/1
f 2079/287/1 2080/289/1 178/290/1 179/288/1
f 2080/289/40 2081/291/40 177/292/40 178/290/40
f 2081/291/40 2082/293/40 176/294/40 177/292/40
f 2082/293/1 2083/295/1 175/296/1 176/294/1
f 2083/295/1 2084/297/1 174/298/1 175/296/1
f 2084/297/40 2085/299/40 173/300/40 174/298/40
f 2085/299/1 2086/301/1 172/302/1 173/300/1
f 2086/301/1 2087/303/1 171/304/1 172/302/1
f 2087/303/40 2088/305/40 170/306/40 171/304/40
f 2088/305/40 2089/307/40 169/308/40 170/306/40
f 2089/307/40 2090/309/40 168/310/40 169/308/40
f 2090/309/40 2091/311/40 167/312/40 168/310/40
f 2091/311/1 2092/313/1 166/314/1 167/312/1
f 2092/313/1 2093/315/1 165/316/1 166/314/1
f 2093/315/1 2094/317/1 164/318/1 165/316/1
f 2094/317/89 2095/319/89 163/320/89 164/318/89
f 2095/319/40 2096/321/40 162/322/40 163/320/40
f 2096/321/40 2097/323/40 161/324/40 162/322/40
f 2097/323/40 2098/325/40 160/326/40 161/324/40
f 2098/325/40 2099/327/40 159/328/40 160/326/40
f 2099/327/1 2100/329/1 158/330/1 159/328/1
f 2100/329/1 2101/331/1 157/332/1 158/330/1
f 2101/331/40 2102/333/40 156/334/40 157/332/40
f 2102/333/1 2103/335/1 155/336/1 156/334/1
f 2103/335/40 2104/337/40 154/338/40 155/336/40
f 2104/337/40 2105/339/40 153/340/40 154/338/40
f 2105/339/40 2106/341/40 152/342/40 153/340/40
f 2106/341/40 2107/343/40 151/344/40 152/342/40
f 2107/343/40 2108/345/40 150/346/40 151/344/40
f 2108/345/40 2109/347/40 149/348/40 150/346/40
f 2109/347/1 2110/349/1 148/350/1 149/348/1
f 2110/349/1 2111/351/1 147/352/1 148/350/1
f 2111/351/1 2112/353/1 146/354/1 147/352/1
f 2112/353/1 2113/355/1 145/356/1 146/354/1
f 2113/355/40 2114/357/40 144/358/40 145/356/40
f 2114/357/40 2115/359/40 143/360/40 144/358/40
f 2115/359/40 2116/361/40 142/362/40 143/360/40
f 2116/361/40 2117/363/40 141/364/40 142/362/40
f 2117/363/40 2118/88/40 140/5/40 141/364/40
f 81/188/1 1938/187/1 2073/365/1 87/366/1
f 1938/187/1 1937/190/1 2072/367/1 2073/365/1
f 1937/190/1 1936/192/1 2071/368/1 2072/367/1
f 1936/192/1 1935/194/1 2070/369/1 2071/368/1
f 1935/194/1 1934/196/1 2069/370/1 2070/369/1
f 1934/196/1 1933/198/1 2068/371/1 2069/370/1
f 1933/198/1 1932/200/1 2067/372/1 2068/371/1
f 1932/200/40 1931/202/40 2066/373/40 2067/372/40
f 1931/202/1 1930/204/1 2065/374/1 2066/373/1
f 1930/204/1 1929/206/1 2064/375/1 2065/374/1
f 1929/206/1 1928/208/1 2063/376/1 2064/375/1
f 1928/208/1 1927/210/1 2062/377/1 2063/376/1
f 1927/210/1 1926/212/1 2061/378/1 2062/377/1
f 1926/212/1 1925/214/1 2060/379/1 2061/378/1
f 1925/214/88 1924/216/88 2059/380/88 2060/379/88
f 1924/216/40 1923/218/40 2058/381/40 2059/380/40
f 1923/218/40 1922/220/40 2057/382/40 2058/381/40
f 1922/220/1 1921/222/1 2056/383/1 2057/382/1
f 1921/222/1 1920/224/1 2055/384/1 2056/383/1
f 1920/224/1 1919/226/1 2054/385/1 2055/384/1
f 1919/226/40 1918/228/40 2053/386/40 2054/385/40
f 1918/228/1 1917/230/1 2052/387/1 2053/386/1
f 1917/230/1 1916/232/1 2051/388/1 2052/387/1
f 1916/232/40 1915/234/40 2050/389/40 2051/388/40
f 1915/234/40 1914/236/40 2049/390/40 2050/389/40
f 1914/236/40 1913/238/40 2048/391/40 2049/390/40
f 1913/238/40 1912/240/40 2047/392/40 2048/391/40
f 1912/240/40 1911/242/40 2046/393/40 2047/392/40
f 1911/242/1 1910/244/1 2045/394/1 2046/393/1
f 1910/244/1 1909/246/1 2044/395/1 2045/394/1
f 1909/246/40 1908/248/40 2043/396/40 2044/395/40
f 1908/248/1 1907/250/1 2042/397/1 2043/396/1
f 1907/250/40 1906/252/40 2041/398/40 2042/397/40
f 1906/252/1 1905/254/1 2040/399/1 2041/398/1
f 1905/254/1 1904/256/1 2039/400/1 2040/399/1
f 1904/256/40 1903/258/40 2038/401/40 2039/400/40
f 1903/258/40 1902/260/40 2037/402/40 2038/401/40
f 1902/260/1 1901/262/1 2036/403/1 2037/402/1
f 1901/262/1 1900/264/1 2035/404/1 2036/403/1
f 1900/264/1 1899/266/1 2034/405/1 2035/404/1
f 1899/266/1 1898/268/1 2033/406/1 2034/405/1
f 1898/268/40 1897/270/40 2032/407/40 2033/406/40
f 1897/270/40 1896/272/40 2031/408/40 2032/407/40
f 1896/272/40 1895/274/40 2030/409/40 2031/408/40
f 1895/274/40 1894/91/40 2029/1/40 2030/409/40
f 93/98/1 2208/97/1 2028/410/1 85/411/1
f 2208/97/1 2207/100/1 2027/412/1 2028/410/1
f 2207/100/1 2206/102/1 2026/413/1 2027/412/1
f 2206/102/1 2205/104/1 2025/414/1 2026/413/1
f 2205/104/40 2204/106/40 2024/415/40 2025/414/40
f 2204/106/40 2203/108/40 2023/416/40 2024/415/40
f 2203/108/40 2202/110/40 2022/417/40 2023/416/40
f 2202/110/40 2201/112/40 2021/418/40 2022/417/40
f 2201/112/1 2200/114/1 2020/419/1 2021/418/1
f 2200/114/1 2199/116/1 2019/420/1 2020/419/1
f 2199/116/1 2198/118/1 2018/421/1 2019/420/1
f 2198/118/1 2197/120/1 2017/422/1 2018/421/1
f 2197/120/40 2196/122/40 2016/423/40 2017/422/40
f 2196/122/40 2195/124/40 2015/424/40 2016/423/40
f 2195/124/40 2194/126/40 2014/425/40 2015/424/40
f 2194/126/40 2193/128/40 2013/426/40 2014/425/40
f 2193/128/40 2192/130/40 2012/427/40 2013/426/40
f 2192/130/1 2191/132/1 2011/428/1 2012/427/1
f 2191/132/1 2190/134/1 2010/429/1 2011/428/1
f 2190/134/1 2189/136/1 2009/430/1 2010/429/1
f 2189/136/1 2188/138/1 2008/431/1 2009/430/1
f 2188/138/40 2187/140/40 2007/432/40 2008/431/40
f 2187/140/40 2186/142/40 2006/433/40 2007/432/40
f 2186/142/1 2185/144/1 2005/434/1 2006/433/1
f 2185/144/1 2184/146/1 2004/435/1 2005/434/1
f 2184/146/40 2183/148/40 2003/436/40 2004/435/40
f 2183/148/1 2182/150/1 2002/437/1 2003/436/1
f 2182/150/1 2181/152/1 2001/438/1 2002/437/1
f 2181/152/1 2180/154/1 2000/439/1 2001/438/1
f 2180/154/1 2179/156/1 1999/440/1 2000/439/1
f 2179/156/1 2178/158/1 1998/441/1 1999/440/1
f 2178/158/1 2177/160/1 1997/442/1 1998/441/1
f 2177/160/1 2176/162/1 1996/443/1 1997/442/1
f 2176/162/1 2175/164/1 1995/444/1 1996/443/1
f 2175/164/1 2174/166/1 1994/445/1 1995/444/1
f 2174/166/1 2173/168/1 1993/446/1 1994/445/1
f 2173/168/1 2172/170/1 1992/447/1 1993/446/1
f 2172/170/1 2171/172/1 1991/448/1 1992/447/1
f 2171/172/1 2170/174/1 1990/449/1 1991/448/1
f 2170/174/40 2169/176/40 1989/450/40 1990/449/40
f 2169/176/40 2168/178/40 1988/451/40 1989/450/40
f 2168/178/40 2167/180/40 1987/452/40 1988/451/40
f 2167/180/1 2166/182/1 1986/453/1 1987/452/1
f 2166/182/40 2165/184/40 1985/454/40 1986/453/40
f 2165/184/40 2164/89/40 1984/83/40 1985/454/40
f 86/455/1 1939/456/1 2074/276/1 88/275/1
f 1939/456/40 1940/457/40 2075/279/40 2074/276/40
f 1940/457/40 1941/458/40 2076/281/40 2075/279/40
f 1941/458/40 1942/459/40 2077/283/40 2076/281/40
f 1942/459/40 1943/460/40 2078/285/40 2077/283/40
f 1943/460/40 1944/461/40 2079/287/40 2078/285/40
f 1944/461/40 1945/462/40 2080/289/40 2079/287/40
f 1945/462/1 1946/463/1 2081/291/1 2080/289/1
f 1946/463/1 1947/464/1 2082/293/1 2081/291/1
f 1947/464/40 1948/465/40 2083/295/40 2082/293/40
f 1948/465/1 1949/466/1 2084/297/1 2083/295/1
f 1949/466/1 1950/467/1 2085/299/1 2084/297/1
f 1950/467/40 1951/468/40 2086/301/40 2085/299/40
f 1951/468/40 1952/469/40 2087/303/40 2086/301/40
f 1952/469/1 1953/470/1 2088/305/1 2087/303/1
f 1953/470/1 1954/471/1 2089/307/1 2088/305/1
f 1954/471/1 1955/472/1 2090/309/1 2089/307/1
f 1955/472/40 1956/473/40 2091/311/40 2090/309/40
f 1956/473/40 1957/474/40 2092/313/40 2091/311/40
f 1957/474/1 1958/475/1 2093/315/1 2092/313/1
f 1958/475/40 1959/476/40 2094/317/40 2093/315/40
f 1959/476/1 1960/477/1 2095/319/1 2094/317/1
f 1960/477/1 1961/478/1 2096/321/1 2095/319/1
f 1961/478/40 1962/479/40 2097/323/40 2096/321/40
f 1962/479/40 1963/480/40 2098/325/40 2097/323/40
f 1963/480/1 1964/481/1 2099/327/1 2098/325/1
f 1964/481/1 1965/482/1 2100/329/1 2099/327/1
f 1965/482/40 1966/483/40 2101/331/40 2100/329/40
f 1966/483/40 1967/484/40 2102/333/40 2101/331/40
f 1967/484/1 1968/485/1 2103/335/1 2102/333/1
f 1968/485/1 1969/486/1 2104/337/1 2103/335/1
f 1969/486/1 1970/487/1 2105/339/1 2104/337/1
f 1970/487/1 1971/488/1 2106/341/1 2105/339/1
f 1971/488/40 1972/489/40 2107/343/40 2106/341/40
f 1972/489/40 1973/490/40 2108/345/40 2107/343/40
f 1973/490/40 1974/491/40 2109/347/40 2108/345/40
f 1974/491/1 1975/492/1 2110/349/1 2109/347/1
f 1975/492/1 1976/493/1 2111/351/1 2110/349/1
f 1976/493/1 1977/494/1 2112/353/1 2111/351/1
f 1977/494/40 1978/495/40 2113/355/40 2112/353/40
f 1978/495/1 1979/496/1 2114/357/1 2113/355/1
f 1979/496/1 1980/497/1 2115/359/1 2114/357/1
f 1980/497/40 1981/498/40 2116/361/40 2115/359/40
f 1981/498/40 1982/499/40 2117/363/40 2116/361/40
f 1982/499/40 1983/4/40 2118/88/40 2117/363/40
f 85/411/40 2028/410/40 2119/186/40 94/185/40
f 2028/410/40 2027/412/40 2120/189/40 2119/186/40
f 2027/412/40 2026/413/40 2121/191/40 2120/189/40
f 2026/413/1 2025/414/1 2122/193/1 2121/191/1
f 2025/414/1 2024/415/1 2123/195/1 2122/193/1
f 2024/415/1 2023/416/1 2124/197/1 2123/195/1
f 2023/416/1 2022/417/1 2125/199/1 2124/197/1
f 2022/417/40 2021/418/40 2126/201/40 2125/199/40
f 2021/418/40 2020/419/40 2127/203/40 2126/201/40
f 2020/419/40 2019/420/40 2128/205/40 2127/203/40
f 2019/420/40 2018/421/40 2129/207/40 2128/205/40
f 2018/421/40 2017/422/40 2130/209/40 2129/207/40
f 2017/422/1 2016/423/1 2131/211/1 2130/209/1
f 2016/423/1 2015/424/1 2132/213/1 2131/211/1
f 2015/424/1 2014/425/1 2133/215/1 2132/213/1
f 2014/425/1 2013/426/1 2134/217/1 2133/215/1
f 2013/426/1 2012/427/1 2135/219/1 2134/217/1
f 2012/427/1 2011/428/1 2136/221/1 2135/219/1
f 2011/428/40 2010/429/40 2137/223/40 2136/221/40
f 2010/429/40 2009/430/40 2138/225/40 2137/223/40
f 2009/430/1 2008/431/1 2139/227/1 2138/225/1
f 2008/431/1 2007/432/1 2140/229/1 2139/227/1
f 2007/432/1 2006/433/1 2141/231/1 2140/229/1
f 2006/433/1 2005/434/1 2142/233/1 2141/231/1
f 2005/434/40 2004/435/40 2143/235/40 2142/233/40
f 2004/435/1 2003/436/1 2144/237/1 2143/235/1
f 2003/436/40 2002/437/40 2145/239/40 2144/237/40
f 2002/437/40 2001/438/40 2146/241/40 2145/239/40
f 2001/438/40 2000/439/40 2147/243/40 2146/241/40
f 2000/439/40 1999/440/40 2148/245/40 2147/243/40
f 1999/440/40 1998/441/40 2149/247/40 2148/245/40
f 1998/441/40 1997/442/40 2150/249/40 2149/247/40
f 1997/442/40 1996/443/40 2151/251/40 2150/249/40
f 1996/443/40 1995/444/40 2152/253/40 2151/251/40
f 1995/444/40 1994/445/40 2153/255/40 2152/253/40
f 1994/445/40 1993/446/40 2154/257/40 2153/255/40
f 1993/446/40 1992/447/40 2155/259/40 2154/257/40
f 1992/447/40 1991/448/40 2156/261/40 2155/259/40
f 1991/448/40 1990/449/40 2157/263/40 2156/261/40
f 1990/449/1 1989/450/1 2158/265/1 2157/263/1
f 1989/450/1 1988/451/1 2159/267/1 2158/265/1
f 1988/451/1 1987/452/1 2160/269/1 2159/267/1
f 1987/452/40 1986/453/40 2161/271/40 2160/269/40
f 1986/453/40 1985/454/40 2162/273/40 2161/271/40
f 1985/454/1 1984/83/1 2163/86/1 2162/273/1
f 4/500/90 1848/501/90 1893/502/90 3/503/90
f 1848/501/91 1847/504/91 1892/505/91 1893/502/91
f 1847/504/92 1846/506/92 1891/507/92 1892/505/92
f 1846/506/93 1845/508/93 1890/509/93 1891/507/93
f 1845/508/94 1844/510/94 1889/511/94 1890/509/94
f 1844/510/95 1843/512/95 1888/513/95 1889/511/95
f 1843/512/96 1842/514/96 1887/515/96 1888/513/96
f 1842/514/97 1841/516/97 1886/517/97 1887/515/97
f 1841/516/98 1840/518/98 1885/519/98 1886/517/98
f 1840/518/99 1839/520/99 1884/521/99 1885/519/99
f 1839/520/100 1838/522/100 1883/523/100 1884/521/100
f 1838/522/101 1837/524/101 1882/525/101 1883/523/101
f 1837/524/102 1836/526/102 1881/527/102 1882/525/102
f 1836/526/103 1835/528/103 1880/529/103 1881/527/103
f 1835/528/104 1834/530/104 1879/531/104 1880/529/104
f 1834/530/105 1833/532/105 1878/533/105 1879/531/105
f 1833/532/106 1832/534/106 1877/535/106 1878/533/106
f 1832/534/107 1831/536/107 1876/537/107 1877/535/107
f 1831/536/108 1830/538/108 1875/539/108 1876/537/108
f 1830/538/109 1829/540/109 1874/541/109 1875/539/109
f 1829/540/110 1828/542/110 1873/543/110 1874/541/110
f 1828/542/111 1827/544/111 1872/545/111 1873/543/111
f 1827/544/112 1826/546/112 1871/547/112 1872/545/112
f 1826/546/113 1825/548/113 1870/549/113 1871/547/113
f 1825/548/114 1824/550/114 1869/551/114 1870/549/114
f 1824/550/115 1823/552/115 1868/553/115 1869/551/115
f 1823/552/116 1822/554/116 1867/555/116 1868/553/116
f 1822/554/117 1821/556/117 1866/557/117 1867/555/117
f 1821/556/118 1820/558/118 1865/559/118 1866/557/118
f 1820/558/119 1819/560/119 1864/561/119 1865/559/119
f 1819/560/120 1818/562/120 1863/563/120 1864/561/120
f 1818/562/121 1817/564/121 1862/565/121 1863/563/121
f 1817/564/122 1816/566/122 1861/567/122 1862/565/122
f 1816/566/123 1815/568/123 1860/569/123 1861/567/123
f 1815/568/124 1814/570/124 1859/571/124 1860/569/124
f 1814/570/125 1813/572/125 1858/573/125 1859/571/125
f 1813/572/126 1812/574/126 1857/575/126 1858/573/126
f 1812/574/127 1811/576/127 1856/577/127 1857/575/127
f 1811/576/128 1810/578/128 1855/579/128 1856/577/128
f 1810/578/129 1809/580/129 1854/581/129 1855/579/129
f 1809/580/130 1808/582/130 1853/583/130 1854/581/130
f 1808/582/131 1807/584/131 1852/585/131 1853/583/131
f 1807/584/132 1806/586/132 1851/587/132 1852/585/132
f 1806/586/133 1805/588/133 1850/589/133 1851/587/133
f 1805/588/134 1804/80/134 1849/82/134 1850/589/134
f 1803/590/135 1802/591/135 1846/506/135 1847/504/135
f 1802/591/136 1801/592/136 1845/508/136 1846/506/136
f 1801/592/137 1800/593/137 1844/510/137 1845/508/137
f 1800/593/138 1799/594/138 1843/512/138 1844/510/138
f 1799/594/139 1798/595/139 1842/514/139 1843/512/139
f 1798/595/140 1797/596/140 1841/516/140 1842/514/140
f 1797/596/141 1796/597/141 1840/518/141 1841/516/141
f 1796/597/142 1795/598/142 1839/520/142 1840/518/142
f 1795/598/143 1794/599/143 1838/522/143 1839/520/143
f 1794/599/144 1793/600/144 1837/524/144 1838/522/144
f 1793/600/145 1792/601/145 1836/526/145 1837/524/145
f 1792/601/146 1791/602/146 1835/528/146 1836/526/146
f 1791/602/147 1790/603/147 1834/530/147 1835/528/147
f 1790/603/148 1789/604/148 1833/532/148 1834/530/148
f 1789/604/149 1788/605/149 1832/534/149 1833/532/149
f 1788/605/150 1787/606/150 1831/536/150 1832/534/150
f 1787/606/151 1786/607/151 1830/538/151 1831/536/151
f 1786/607/152 1785/608/152 1829/540/152 1830/538/152
f 1785/608/153 1784/609/153 1828/542/153 1829/540/153
f 1784/609/154 1783/610/154 1827/544/154 1828/542/154
f 1783/610/155 1782/611/155 1826/546/155 1827/544/155
f 1782/611/156 1781/612/156 1825/548/156 1826/546/156
f 1781/612/157 1780/613/157 1824/550/157 1825/548/157
f 1780/613/158 1779/614/158 1823/552/158 1824/550/158
f 1779/614/159 1778/615/159 1822/554/159 1823/552/159
f 1778/615/160 1777/616/160 1821/556/160 1822/554/160
f 1777/616/161 1776/617/161 1820/558/161 1821/556/161
f 1776/617/162 1775/618/162 1819/560/162 1820/558/162
f 1775/618/163 1774/619/163 1818/562/163 1819/560/163
f 1774/619/164 1773/620/164 1817/564/164 1818/562/164
f 1773/620/165 1772/621/165 1816/566/165 1817/564/165
f 1772/621/166 1771/622/166 1815/568/166 1816/566/166
f 1771/622/167 1770/623/167 1814/570/167 1815/568/167
f 1770/623/168 1769/624/168 1813/572/168 1814/570/168
f 1769/624/169 1768/625/169 1812/574/169 1813/572/169
f 1768/625/170 1767/626/170 1811/576/170 1812/574/170
f 1767/626/171 1766/627/171 1810/578/171 1811/576/171
f 1766/627/172 1765/628/172 1809/580/172 1810/578/172
f 1765/628/173 1764/629/173 1808/582/173 1809/580/173
f 1764/629/174 1763/630/174 1807/584/174 1808/582/174
f 1763/630/175 1762/631/175 1806/586/175 1807/584/175
f 1762/631/176 1761/632/176 1805/588/176 1806/586/176
f 1761/632/177 1760/78/177 1804/80/177 1805/588/177
f 1758/633/178 1757/634/178 1802/591/178 1803/590/178
f 1757/634/179 1756/635/179 1801/592/179 1802/591/179
f 1756/635/180 1755/636/180 1800/593/180 1801/592/180
f 1755/636/181 1754/637/181 1799/594/181 1800/593/181
f 1754/637/182 1753/638/182 1798/595/182 1799/594/182
f 1753/638/183 1752/639/183 1797/596/183 1798/595/183
f 1752/639/184 1751/640/184 1796/597/184 1797/596/184
f 1751/640/185 1750/641/185 1795/598/185 1796/597/185
f 1750/641/186 1749/642/186 1794/599/186 1795/598/186
f 1749/642/187 1748/643/187 1793/600/187 1794/599/187
f 1748/643/188 1747/644/188 1792/601/188 1793/600/188
f 1747/644/189 1746/645/189 1791/602/189 1792/601/189
f 1746/645/190 1745/646/190 1790/603/190 1791/602/190
f 1745/646/191 1744/647/191 1789/604/191 1790/603/191
f 1744/647/192 1743/648/192 1788/605/192 1789/604/192
f 1743/648/193 1742/649/193 1787/606/193 1788/605/193
f 1742/649/194 1741/650/194 1786/607/194 1787/606/194
f 1741/650/195 1740/651/195 1785/608/195 1786/607/195
f 1740/651/196 1739/652/196 1784/609/196 1785/608/196
f 1739/652/197 1738/653/197 1783/610/197 1784/609/197
f 1738/653/198 1737/654/198 1782/611/198 1783/610/198
f 1737/654/199 1736/655/199 1781/612/199 1782/611/199
f 1736/655/200 1735/656/200 1780/613/200 1781/612/200
f 1735/656/201 1734/657/201 1779/614/201 1780/613/201
f 1734/657/202 1733/658/202 1778/615/202 1779/614/202
f 1733/658/203 1732/659/203 1777/616/203 1778/615/203
f 1732/659/204 1731/660/204 1776/617/204 1777/616/204
f 1731/660/205 1730/661/205 1775/618/205 1776/617/205
f 1730/661/206 1729/662/206 1774/619/206 1775/618/206
f 1729/662/207 1728/663/207 1773/620/207 1774/619/207
f 1728/663/208 1727/664/208 1772/621/208 1773/620/208
f 1727/664/209 1726/665/209 1771/622/209 1772/621/209
f 1726/665/210 1725/666/210 1770/623/210 1771/622/210
f 1725/666/211 1724/667/211 1769/624/211 1770/623/211
f 1724/667/212 1723/668/212 1768/625/212 1769/624/212
f 1723/668/213 1722/669/213 1767/626/213 1768/625/213
f 1722/669/214 1721/670/214 1766/627/214 1767/626/214
f 1721/670/215 1720/671/215 1765/628/215 1766/627/215
f 1720/671/216 1719/672/216 1764/629/216 1765/628/216
f 1719/672/217 1718/673/217 1763/630/217 1764/629/217
f 1718/673/218 1717/674/218 1762/631/218 1763/630/218
f 1717/674/219 1716/675/219 1761/632/219 1762/631/219
f 1716/675/220 1715/76/220 1760/78/220 1761/632/220
f 7/676/221 1714/677/221 1759/678/221 6/679/221
f 1714/677/222 1713/680/222 1758/633/222 1759/678/222
f 1713/680/223 1712/681/223 1757/634/223 1758/633/223
f 1712/681/224 1711/682/224 1756/635/224 1757/634/224
f 1711/682/225 1710/683/225 1755/636/225 1756/635/225
f 1710/683/226 1709/684/226 1754/637/226 1755/636/226
f 1709/684/227 1708/685/227 1753/638/227 1754/637/227
f 1708/685/228 1707/686/228 1752/639/228 1753/638/228
f 1707/686/229 1706/687/229 1751/640/229 1752/639/229
f 1706/687/230 1705/688/230 1750/641/230 1751/640/230
f 1705/688/231 1704/689/231 1749/642/231 1750/641/231
f 1704/689/232 1703/690/232 1748/643/232 1749/642/232
f 1703/690/233 1702/691/233 1747/644/233 1748/643/233
f 1702/691/234 1701/692/234 1746/645/234 1747/644/234
f 1701/692/235 1700/693/235 1745/646/235 1746/645/235
f 1700/693/236 1699/694/236 1744/647/236 1745/646/236
f 1699/694/237 1698/695/237 1743/648/237 1744/647/237
f 1698/695/238 1697/696/238 1742/649/238 1743/648/238
f 1697/696/239 1696/697/239 1741/650/239 1742/649/239
f 1696/697/240 1695/698/240 1740/651/240 1741/650/240
f 1695/698/241 1694/699/241 1739/652/241 1740/651/241
f 1694/699/242 1693/700/242 1738/653/242 1739/652/242
f 1693/700/243 1692/701/243 1737/654/243 1738/653/243
f 1692/701/244 1691/702/244 1736/655/244 1737/654/244
f 1691/702/245 1690/703/245 1735/656/245 1736/655/245
f 1690/703/246 1689/704/246 1734/657/246 1735/656/246
f 1689/704/247 1688/705/247 1733/658/247 1734/657/247
f 1688/705/248 1687/706/248 1732/659/248 1733/658/248
f 1687/706/249 1686/707/249 1731/660/249 1732/659/249
f 1686/707/250 1685/708/250 1730/661/250 1731/660/250
f 1685/708/251 1684/709/251 1729/662/251 1730/661/251
f 1684/709/252 1683/710/252 1728/663/252 1729/662/252
f 1683/710/253 1682/711/253 1727/664/253 1728/663/253
f 1682/711/254 1681/712/254 1726/665/254 1727/664/254
f 1681/712/255 1680/713/255 1725/666/255 1726/665/255
f 1680/713/256 1679/714/256 1724/667/256 1725/666/256
f 1679/714/257 1678/715/257 1723/668/257 1724/667/257
f 1678/715/258 1677/716/258 1722/669/258 1723/668/258
f 1677/716/259 1676/717/259 1721/670/259 1722/669/259
f 1676/717/260 1675/718/260 1720/671/260 1721/670/260
f 1675/718/261 1674/719/261 1719/672/261 1720/671/261
f 1674/719/262 1673/720/262 1718/673/262 1719/672/262
f 1673/720/263 1672/721/263 1717/674/263 1718/673/263
f 1672/721/264 1671/722/264 1716/675/264 1717/674/264
f 1671/722/265 1670/74/265 1715/76/265 1716/675/265
f 8/723/266 1669/724/266 1714/677/266 7/676/266
f 1669/724/267 1668/725/267 1713/680/267 1714/677/267
f 1668/725/268 1667/726/268 1712/681/268 1713/680/268
f 1667/726/269 1666/727/269 1711/682/269 1712/681/269
f 1666/727/270 1665/728/270 1710/683/270 1711/682/270
f 1665/728/271 1664/729/271 1709/684/271 1710/683/271
f 1664/729/272 1663/730/272 1708/685/272 1709/684/272
f 1663/730/273 1662/731/273 1707/686/273 1708/685/273
f 1662/731/274 1661/732/274 1706/687/274 1707/686/274
f 1661/732/275 1660/733/275 1705/688/275 1706/687/275
f 1660/733/276 1659/734/276 1704/689/276 1705/688/276
f 1659/734/277 1658/735/277 1703/690/277 1704/689/277
f 1658/735/278 1657/736/278 1702/691/278 1703/690/278
f 1657/736/279 1656/737/279 1701/692/279 1702/691/279
f 1656/737/280 1655/738/280 1700/693/280 1701/692/280
f 1655/738/281 1654/739/281 1699/694/281 1700/693/281
f 1654/739/282 1653/740/282 1698/695/282 1699/694/282
f 1653/740/283 1652/741/283 1697/696/283 1698/695/283
f 1652/741/284 1651/742/284 1696/697/284 1697/696/284
f 1651/742/285 1650/743/285 1695/698/285 1696/697/285
f 1650/743/286 1649/744/286 1694/699/286 1695/698/286
f 1649/744/287 1648/745/287 1693/700/287 1694/699/287
f 1648/745/288 1647/746/288 1692/701/288 1693/700/288
f 1647/746/289 1646/747/289 1691/702/289 1692/701/289
f 1646/747/290 1645/748/290 1690/703/290 1691/702/290
f 1645/748/291 1644/749/291 1689/704/291 1690/703/291
f 1644/749/292 1643/750/292 1688/705/292 1689/704/292
f 1643/750/293 1642/751/293 1687/706/293 1688/705/293
f 1642/751/294 1641/752/294 1686/707/294 1687/706/294
f 1641/752/295 1640/753/295 1685/708/295 1686/707/295
f 1640/753/296 1639/754/296 1684/709/296 1685/708/296
f 1639/754/297 1638/755/297 1683/710/297 1684/709/297
f 1638/755/298 1637/756/298 1682/711/298 1683/710/298
f 1637/756/299 1636/757/299 1681/712/299 1682/711/299
f 1636/757/300 1635/758/300 1680/713/300 1681/712/300
f 1635/758/301 1634/759/301 1679/714/301 1680/713/301
f 1634/759/302 1633/760/302 1678/715/302 1679/714/302
f 1633/760/303 1632/761/303 1677/716/303 1678/715/303
f 1632/761/304 1631/762/304 1676/717/304 1677/716/304
f 1631/762/305 1630/763/305 1675/718/305 1676/717/305
f 1630/763/306 1629/764/306 1674/719/306 1675/718/306
f 1629/764/307 1628/765/307 1673/720/307 1674/719/307
f 1628/765/308 1627/766/308 1672/721/308 1673/720/308
f 1627/766/309 1626/767/309 1671/722/309 1672/721/309
f 1626/767/310 1625/72/310 1670/74/310 1671/722/310
f 9/768/311 1624/769/311 1669/724/311 8/723/311
f 1624/769/312 1623/770/312 1668/725/312 1669/724/312
f 1623/770/313 1622/771/313 1667/726/313 1668/725/313
f 1622/771/314 1621/772/314 1666/727/314 1667/726/314
f 1621/772/315 1620/773/315 1665/728/315 1666/727/315
f 1620/773/316 1619/774/316 1664/729/316 1665/728/316
f 1619/774/317 1618/775/317 1663/730/317 1664/729/317
f 1618/775/318 1617/776/318 1662/731/318 1663/730/318
f 1617/776/319 1616/777/319 1661/732/319 1662/731/319
f 1616/777/320 1615/778/320 1660/733/320 1661/732/320
f 1615/778/321 1614/779/321 1659/734/321 1660/733/321
f 1614/779/322 1613/780/322 1658/735/322 1659/734/322
f 1613/780/323 1612/781/323 1657/736/323 1658/735/323
f 1612/781/324 1611/782/324 1656/737/324 1657/736/324
f 1611/782/325 1610/783/325 1655/738/325 1656/737/325
f 1610/783/326 1609/784/326 1654/739/326 1655/738/326
f 1609/784/327 1608/785/327 1653/740/327 1654/739/327
f 1608/785/328 1607/786/328 1652/741/328 1653/740/328
f 1607/786/329 1606/787/329 1651/742/329 1652/741/329
f 1606/787/330 1605/788/330 1650/743/330 1651/742/330
f 1605/788/331 1604/789/331 1649/744/331 1650/743/331
f 1604/789/332 1603/790/332 1648/745/332 1649/744/332
f 1603/790/333 1602/791/333 1647/746/333 1648/745/333
f 1602/791/334 1601/792/334 1646/747/334 1647/746/334
f 1601/792/335 1600/793/335 1645/748/335 1646/747/335
f 1600/793/336 1599/794/336 1644/749/336 1645/748/336
f 1599/794/337 1598/795/337 1643/750/337 1644/749/337
f 1598/795/338 1597/796/338 1642/751/338 1643/750/338
f 1597/796/339 1596/797/339 1641/752/339 1642/751/339
f 1596/797/340 1595/798/340 1640/753/340 1641/752/340
f 1595/798/341 1594/799/341 1639/754/341 1640/753/341
f 1594/799/342 1593/800/342 1638/755/342 1639/754/342
f 1593/800/343 1592/801/343 1637/756/343 1638/755/343
f 1592/801/344 1591/802/344 1636/757/344 1637/756/344
f 1591/802/345 1590/803/345 1635/758/345 1636/757/345
f 1590/803/346 1589/804/346 1634/759/346 1635/758/346
f 1589/804/347 1588/805/347 1633/760/347 1634/759/347
f 1588/805/348 1587/806/348 1632/761/348 1633/760/348
f 1587/806/349 1586/807/349 1631/762/349 1632/761/349
f 1586/807/350 1585/808/350 1630/763/350 1631/762/350
f 1585/808/351 1584/809/351 1629/764/351 1630/763/351
f 1584/809/352 1583/810/352 1628/765/352 1629/764/352
f 1583/810/353 1582/811/353 1627/766/353 1628/765/353
f 1582/811/354 1581/812/354 1626/767/354 1627/766/354
f 1581/812/355 1580/70/355 1625/72/355 1626/767/355
f 10/813/356 1579/814/356 1624/769/356 9/768/356
f 1579/814/357 1578/815/357 1623/770/357 1624/769/357
f 1578/815/358 1577/816/358 1622/771/358 1623/770/358
f 1577/816/359 1576/817/359 1621/772/359 1622/771/359
f 1576/817/360 1575/818/360 1620/773/360 1621/772/360
f 1575/818/361 1574/819/361 1619/774/361 1620/773/361
f 1574/819/362 1573/820/362 1618/775/362 1619/774/362
f 1573/820/363 1572/821/363 1617/776/363 1618/775/363
f 1572/821/364 1571/822/364 1616/777/364 1617/776/364
f 1571/822/365 1570/823/365 1615/778/365 1616/777/365
f 1570/823/366 1569/824/366 1614/779/366 1615/778/366
f 1569/824/367 1568/825/367 1613/780/367 1614/779/367
f 1568/825/368 1567/826/368 1612/781/368 1613/780/368
f 1567/826/369 1566/827/369 1611/782/369 1612/781/369
f 1566/827/370 1565/828/370 1610/783/370 1611/782/370
f 1565/828/371 1564/829/371 1609/784/371 1610/783/371
f 1564/829/372 1563/830/372 1608/785/372 1609/784/372
f 1563/830/373 1562/831/373 1607/786/373 1608/785/373
f 1562/831/374 1561/832/374 1606/787/374 1607/786/374
f 1561/832/375 1560/833/375 1605/788/375 1606/787/375
f 1560/833/376 1559/834/376 1604/789/376 1605/788/376
f 1559/834/377 1558/835/377 1603/790/377 1604/789/377
f 1558/835/378 1557/836/378 1602/791/378 1603/790/378
f 1557/836/379 1556/837/379 1601/792/379 1602/791/379
f 1556/837/380 1555/838/380 1600/793/380 1601/792/380
f 1555/838/381 1554/839/381 1599/794/381 1600/793/381
f 1554/839/382 1553/840/382 1598/795/382 1599/794/382
f 1553/840/383 1552/841/383 1597/796/383 1598/795/383
f 1552/841/384 1551/842/384 1596/797/384 1597/796/384
f 1551/842/385 1550/843/385 1595/798/385 1596/797/385
f 1550/843/386 1549/844/386 1594/799/386 1595/798/386
f 1549/844/387 1548/845/387 1593/800/387 1594/799/387
f 1548/845/388 1547/846/388 1592/801/388 1593/800/388
f 1547/846/389 1546/847/389 1591/802/389 1592/801/389
f 1546/847/390 1545/848/390 1590/803/390 1591/802/390
f 1545/848/391 1544/849/391 1589/804/391 1590/803/391
f 1544/849/392 1543/850/392 1588/805/392 1589/804/392
f 1543/850/393 1542/851/393 1587/806/393 1588/805/393
f 1542/851/394 1541/852/394 1586/807/394 1587/806/394
f 1541/852/395 1540/853/395 1585/808/395 1586/807/395
f 1540/853/396 1539/854/396 1584/809/396 1585/808/396
f 1539/854/397 1538/855/397 1583/810/397 1584/809/397
f 1538/855/398 1537/856/398 1582/811/398 1583/810/398
f 1537/856/399 1536/857/399 1581/812/399 1582/811/399
f 1536/857/400 1535/68/400 1580/70/400 1581/812/400
f 11/858/401 1534/859/401 1579/814/401 10/813/401
f 1534/859/402 1533/860/402 1578/815/402 1579/814/402
f 1533/860/403 1532/861/403 1577/816/403 1578/815/403
f 1532/861/404 1531/862/404 1576/817/404 1577/816/404
f 1531/862/405 1530/863/405 1575/818/405 1576/817/405
f 1530/863/406 1529/864/406 1574/819/406 1575/818/406
f 1529/864/407 1528/865/407 1573/820/407 1574/819/407
f 1528/865/408 1527/866/408 1572/821/408 1573/820/408
f 1527/866/409 1526/867/409 1571/822/409 1572/821/409
f 1526/867/410 1525/868/410 1570/823/410 1571/822/410
f 1525/868/411 1524/869/411 1569/824/411 1570/823/411
f 1524/869/412 1523/870/412 1568/825/412 1569/824/412
f 1523/870/413 1522/871/413 1567/826/413 1568/825/413
f 1522/871/414 1521/872/414 1566/827/414 1567/826/414
f 1521/872/415 1520/873/415 1565/828/415 1566/827/415
f 1520/873/416 1519/874/416 1564/829/416 1565/828/416
f 1519/874/417 1518/875/417 1563/830/417 1564/829/417
f 1518/875/418 1517/876/418 1562/831/418 1563/830/418
f 1517/876/419 1516/877/419 1561/832/419 1562/831/419
f 1516/877/420 1515/878/420 1560/833/420 1561/832/420
f 1515/878/421 1514/879/421 1559/834/421 1560/833/421
f 1514/879/422 1513/880/422 1558/835/422 1559/834/422
f 1513/880/423 1512/881/423 1557/836/423 1558/835/423
f 1512/881/424 1511/882/424 1556/837/424 1557/836/424
f 1511/882/425 1510/883/425 1555/838/425 1556/837/425
f 1510/883/426 1509/884/426 1554/839/426 1555/838/426
f 1509/884/427 1508/885/427 1553/840/427 1554/839/427
f 1508/885/428 1507/886/428 1552/841/428 1553/840/428
f 1507/886/429 1506/887/429 1551/842/429 1552/841/429
f 1506/887/430 1505/888/430 1550/843/430 1551/842/430
f 1505/888/431 1504/889/431 1549/844/431 1550/843/431
f 1504/889/432 1503/890/432 1548/845/432 1549/844/432
f 1503/890/433 1502/891/433 1547/846/433 1548/845/433
f 1502/891/434 1501/892/434 1546/847/434 1547/846/434
f 1501/892/435 1500/893/435 1545/848/435 1546/847/435
f 1500/893/436 1499/894/436 1544/849/436 1545/848/436
f 1499/894/437 1498/895/437 1543/850/437 1544/849/437
f 1498/895/438 1497/896/438 1542/851/438 1543/850/438
f 1497/896/439 1496/897/439 1541/852/439 1542/851/439
f 1496/897/440 1495/898/440 1540/853/440 1541/852/440
f 1495/898/441 1494/899/441 1539/854/441 1540/853/441
f 1494/899/442 1493/900/442 1538/855/442 1539/854/442
f 1493/900/443 1492/901/443 1537/856/443 1538/855/443
f 1492/901/444 1491/902/444 1536/857/444 1537/856/444
f 1491/902/445 1490/66/445 1535/68/445 1536/857/445
f 12/903/446 1489/904/446 1534/859/446 11/858/446
f 1489/904/447 1488/905/447 1533/860/447 1534/859/447
f 1488/905/448 1487/906/448 1532/861/448 1533/860/448
f 1487/906/449 1486/907/449 1531/862/449 1532/861/449
f 1486/907/450 1485/908/450 1530/863/450 1531/862/450
f 1485/908/451 1484/909/451 1529/864/451 1530/863/451
f 1484/909/452 1483/910/452 1528/865/452 1529/864/452
f 1483/910/453 1482/911/453 1527/866/453 1528/865/453
f 1482/911/454 1481/912/454 1526/867/454 1527/866/454
f 1481/912/455 1480/913/455 1525/868/455 1526/867/455
f 1480/913/456 1479/914/456 1524/869/456 1525/868/456
f 1479/914/457 1478/915/457 1523/870/457 1524/869/457
f 1478/915/458 1477/916/458 1522/871/458 1523/870/458
f 1477/916/459 1476/917/459 1521/872/459 1522/871/459
f 1476/917/460 1475/918/460 1520/873/460 1521/872/460
f 1475/918/461 1474/919/461 1519/874/461 1520/873/461
f 1474/919/462 1473/920/462 1518/875/462 1519/874/462
f 1473/920/463 1472/921/463 1517/876/463 1518/875/463
f 1472/921/464 1471/922/464 1516/877/464 1517/876/464
f 1471/922/465 1470/923/465 1515/878/465 1516/877/465
f 1470/923/466 1469/924/466 1514/879/466 1515/878/466
f 1469/924/467 1468/925/467 1513/880/467 1514/879/467
f 1468/925/468 1467/926/468 1512/881/468 1513/880/468
f 1467/926/469 1466/927/469 1511/882/469 1512/881/469
f 1466/927/470 1465/928/470 1510/883/470 1511/882/470
f 1465/928/471 1464/929/471 1509/884/471 1510/883/471
f 1464/929/472 1463/930/472 1508/885/472 1509/884/472
f 1463/930/473 1462/931/473 1507/886/473 1508/885/473
f 1462/931/474 1461/932/474 1506/887/474 1507/886/474
f 1461/932/475 1460/933/475 1505/888/475 1506/887/475
f 1460/933/476 1459/934/476 1504/889/476 1505/888/476
f 1459/934/477 1458/935/477 1503/890/477 1504/889/477
f 1458/935/478 1457/936/478 1502/891/478 1503/890/478
f 1457/936/479 1456/937/479 1501/892/479 1502/891/479
f 1456/937/480 1455/938/480 1500/893/480 1501/892/480
f 1455/938/481 1454/939/481 1499/894/481 1500/893/481
f 1454/939/482 1453/940/482 1498/895/482 1499/894/482
f 1453/940/483 1452/941/483 1497/896/483 1498/895/483
f 1452/941/484 1451/942/484 1496/897/484 1497/896/484
f 1451/942/485 1450/943/485 1495/898/485 1496/897/485
f 1450/943/486 1449/944/486 1494/899/486 1495/898/486
f 1449/944/487 1448/945/487 1493/900/487 1494/899/487
f 1448/945/488 1447/946/488 1492/901/488 1493/900/488
f 1447/946/489 1446/947/489 1491/902/489 1492/901/489
f 1446/947/490 1445/64/490 1490/66/490 1491/902/490
f 13/948/491 1444/949/491 1489/904/491 12/903/491
f 1444/949/492 1443/950/492 1488/905/492 1489/904/492
f 1443/950/493 1442/951/493 1487/906/493 1488/905/493
f 1442/951/494 1441/952/494 1486/907/494 1487/906/494
f 1441/952/495 1440/953/495 1485/908/495 1486/907/495
f 1440/953/496 1439/954/496 1484/909/496 1485/908/496
f 1439/954/497 1438/955/497 1483/910/497 1484/909/497
f 1438/955/498 1437/956/498 1482/911/498 1483/910/498
f 1437/956/499 1436/957/499 1481/912/499 1482/911/499
f 1436/957/500 1435/958/500 1480/913/500 1481/912/500
f 1435/958/501 1434/959/501 1479/914/501 1480/913/501
f 1434/959/502 1433/960/502 1478/915/502 1479/914/502
f 1433/960/503 1432/961/503 1477/916/503 1478/915/503
f 1432/961/504 1431/962/504 1476/917/504 1477/916/504
f 1431/962/505 1430/963/505 1475/918/505 1476/917/505
f 1430/963/506 1429/964/506 1474/919/506 1475/918/506
f 1429/964/507 1428/965/507 1473/920/507 1474/919/507
f 1428/965/508 1427/966/508 1472/921/508 1473/920/508
f 1427/966/509 1426/967/509 1471/922/509 1472/921/509
f 1426/967/510 1425/968/510 1470/923/510 1471/922/510
f 1425/968/511 1424/969/511 1469/924/511 1470/923/511
f 1424/969/512 1423/970/512 1468/925/512 1469/924/512
f 1423/970/513 1422/971/513 1467/926/513 1468/925/513
f 1422/971/514 1421/972/514 1466/927/514 1467/926/514
f 1421/972/515 1420/973/515 1465/928/515 1466/927/515
f 1420/973/516 1419/974/516 1464/929/516 1465/928/516
f 1419/974/517 1418/975/517 1463/930/517 1464/929/517
f 1418/975/518 1417/976/518 1462/931/518 1463/930/518
f 1417/976/519 1416/977/519 1461/932/519 1462/931/519
f 1416/977/520 1415/978/520 1460/933/520 1461/932/520
f 1415/978/521 1414/979/521 1459/934/521 1460/933/521
f 1414/979/522 1413/980/522 1458/935/522 1459/934/522
f 1413/980/523 1412/981/523 1457/936/523 1458/935/523
f 1412/981/524 1411/982/524 1456/937/524 1457/936/524
f 1411/982/525 1410/983/525 1455/938/525 1456/937/525
f 1410/983/526 1409/984/526 1454/939/526 1455/938/526
f 1409/984/527 1408/985/527 1453/940/527 1454/939/527
f 1408/985/528 1407/986/528 1452/941/528 1453/940/528
f 1407/986/529 1406/987/529 1451/942/529 1452/941/529
f 1406/987/530 1405/988/530 1450/943/530 1451/942/530
f 1405/988/531 1404/989/531 1449/944/531 1450/943/531
f 1404/989/532 1403/990/532 1448/945/532 1449/944/532
f 1403/990/533 1402/991/533 1447/946/533 1448/945/533
f 1402/991/534 1401/992/534 1446/947/534 1447/946/534
f 1401/992/535 1400/62/535 1445/64/535 1446/947/535
f 14/993/536 1399/994/536 1444/949/536 13/948/536
f 1399/994/537 1398/995/537 1443/950/537 1444/949/537
f 1398/995/538 1397/996/538 1442/951/538 1443/950/538
f 1397/996/539 1396/997/539 1441/952/539 1442/951/539
f 1396/997/540 1395/998/540 1440/953/540 1441/952/540
f 1395/998/541 1394/999/541 1439/954/541 1440/953/541
f 1394/999/542 1393/1000/542 1438/955/542 1439/954/542
f 1393/1000/543 1392/1001/543 1437/956/543 1438/955/543
f 1392/1001/544 1391/1002/544 1436/957/544 1437/956/544
f 1391/1002/545 1390/1003/545 1435/958/545 1436/957/545
f 1390/1003/546 1389/1004/546 1434/959/546 1435/958/546
f 1389/1004/547 1388/1005/547 1433/960/547 1434/959/547
f 1388/1005/548 1387/1006/548 1432/961/548 1433/960/548
f 1387/1006/549 1386/1007/549 1431/962/549 1432/961/549
f 1386/1007/550 1385/1008/550 1430/963/550 1431/962/550
f 1385/1008/551 1384/1009/551 1429/964/551 1430/963/551
f 1384/1009/552 1383/1010/552 1428/965/552 1429/964/552
f 1383/1010/553 1382/1011/553 1427/966/553 1428/965/553
f 1382/1011/554 1381/1012/554 1426/967/554 1427/966/554
f 1381/1012/555 1380/1013/555 1425/968/555 1426/967/555
f 1380/1013/556 1379/1014/556 1424/969/556 1425/968/556
f 1379/1014/557 1378/1015/557 1423/970/557 1424/969/557
f 1378/1015/558 1377/1016/558 1422/971/558 1423/970/558
f 1377/1016/559 1376/1017/559 1421/972/559 1422/971/559
f 1376/1017/560 1375/1018/560 1420/973/560 1421/972/560
f 1375/1018/561 1374/1019/561 1419/974/561 1420/973/561
f 1374/1019/562 1373/1020/562 1418/975/562 1419/974/562
f 1373/1020/563 1372/1021/563 1417/976/563 1418/975/563
f 1372/1021/564 1371/1022/564 1416/977/564 1417/976/564
f 1371/1022/565 1370/1023/565 1415/978/565 1416/977/565
f 1370/1023/566 1369/1024/566 1414/979/566 1415/978/566
f 1369/1024/567 1368/1025/567 1413/980/567 1414/979/567
f 1368/1025/568 1367/1026/568 1412/981/568 1413/980/568
f 1367/1026/569 1366/1027/569 1411/982/569 1412/981/569
f 1366/1027/570 1365/1028/570 1410/983/570 1411/982/570
f 1365/1028/571 1364/1029/571 1409/984/571 1410/983/571
f 1364/1029/572 1363/1030/572 1408/985/572 1409/984/572
f 1363/1030/573 1362/1031/573 1407/986/573 1408/985/573
f 1362/1031/574 1361/1032/574 1406/987/574 1407/986/574
f 1361/1032/575 1360/1033/575 1405/988/575 1406/987/575
f 1360/1033/576 1359/1034/576 1404/989/576 1405/988/576
f 1359/1034/577 1358/1035/577 1403/990/577 1404/989/577
f 1358/1035/578 1357/1036/578 1402/991/578 1403/990/578
f 1357/1036/579 1356/1037/579 1401/992/579 1402/991/579
f 1356/1037/580 1355/60/580 1400/62/580 1401/992/580
f 15/1038/581 1354/1039/581 1399/994/581 14/993/581
f 1354/1039/582 1353/1040/582 1398/995/582 1399/994/582
f 1353/1040/583 1352/1041/583 1397/996/583 1398/995/583
f 1352/1041/584 1351/1042/584 1396/997/584 1397/996/584
f 1351/1042/585 1350/1043/585 1395/998/585 1396/997/585
f 1350/1043/586 1349/1044/586 1394/999/586 1395/998/586
f 1349/1044/587 1348/1045/587 1393/1000/587 1394/999/587
f 1348/1045/588 1347/1046/588 1392/1001/588 1393/1000/588
f 1347/1046/589 1346/1047/589 1391/1002/589 1392/1001/589
f 1346/1047/590 1345/1048/590 1390/1003/590 1391/1002/590
f 1345/1048/591 1344/1049/591 1389/1004/591 1390/1003/591
f 1344/1049/592 1343/1050/592 1388/1005/592 1389/1004/592
f 1343/1050/593 1342/1051/593 1387/1006/593 1388/1005/593
f 1342/1051/594 1341/1052/594 1386/1007/594 1387/1006/594
f 1341/1052/595 1340/1053/595 1385/1008/595 1386/1007/595
f 1340/1053/596 1339/1054/596 1384/1009/596 1385/1008/596
f 1339/1054/597 1338/1055/597 1383/1010/597 1384/1009/597
f 1338/1055/598 1337/1056/598 1382/1011/598 1383/1010/598
f 1337/1056/599 1336/1057/599 1381/1012/599 1382/1011/599
f 1336/1057/600 1335/1058/600 1380/1013/600 1381/1012/600
f 1335/1058/601 1334/1059/601 1379/1014/601 1380/1013/601
f 1334/1059/602 1333/1060/602 1378/1015/602 1379/1014/602
f 1333/1060/603 1332/1061/603 1377/1016/603 1378/1015/603
f 1332/1061/604 1331/1062/604 1376/1017/604 1377/1016/604
f 1331/1062/605 1330/1063/605 1375/1018/605 1376/1017/605
f 1330/1063/606 1329/1064/606 1374/1019/606 1375/1018/606
f 1329/1064/607 1328/1065/607 1373/1020/607 1374/1019/607
f 1328/1065/608 1327/1066/608 1372/1021/608 1373/1020/608
f 1327/1066/609 1326/1067/609 1371/1022/609 1372/1021/609
f 1326/1067/610 1325/1068/610 1370/1023/610 1371/1022/610
f 1325/1068/611 1324/1069/611 1369/1024/611 1370/1023/611
f 1324/1069/612 1323/1070/612 1368/1025/612 1369/1024/612
f 1323/1070/613 1322/1071/613 1367/1026/613 1368/1025/613
f 1322/1071/614 1321/1072/614 1366/1027/614 1367/1026/614
f 1321/1072/615 1320/1073/615 1365/1028/615 1366/1027/615
f 1320/1073/616 1319/1074/616 1364/1029/616 1365/1028/616
f 1319/1074/617 1318/1075/617 1363/1030/617 1364/1029/617
f 1318/1075/618 1317/1076/618 1362/1031/618 1363/1030/618
f 1317/1076/619 1316/1077/619 1361/1032/619 1362/1031/619
f 1316/1077/620 1315/1078/620 1360/1033/620 1361/1032/620
f 1315/1078/621 1314/1079/621 1359/1034/621 1360/1033/621
f 1314/1079/622 1313/1080/622 1358/1035/622 1359/1034/622
f 1313/1080/623 1312/1081/623 1357/1036/623 1358/1035/623
f 1312/1081/624 1311/1082/624 1356/1037/624 1357/1036/624
f 1311/1082/625 1310/58/625 1355/60/625 1356/1037/625
f 16/1083/626 1309/1084/626 1354/1039/626 15/1038/626
f 1309/1084/627 1308/1085/627 1353/1040/627 1354/1039/627
f 1308/1085/628 1307/1086/628 1352/1041/628 1353/1040/628
f 1307/1086/629 1306/1087/629 1351/1042/629 1352/1041/629
f 1306/1087/630 1305/1088/630 1350/1043/630 1351/1042/630
f 1305/1088/631 1304/1089/631 1349/1044/631 1350/1043/631
f 1304/1089/632 1303/1090/632 1348/1045/632 1349/1044/632
f 1303/1090/633 1302/1091/633 1347/1046/633 1348/1045/633
f 1302/1091/634 1301/1092/634 1346/1047/634 1347/1046/634
f 1301/1092/635 1300/1093/635 1345/1048/635 1346/1047/635
f 1300/1093/636 1299/1094/636 1344/1049/636 1345/1048/636
f 1299/1094/637 1298/1095/637 1343/1050/637 1344/1049/637
f 1298/1095/638 1297/1096/638 1342/1051/638 1343/1050/638
f 1297/1096/639 1296/1097/639 1341/1052/639 1342/1051/639
f 1296/1097/640 1295/1098/640 1340/1053/640 1341/1052/640
f 1295/1098/641 1294/1099/641 1339/1054/641 1340/1053/641
f 1294/1099/642 1293/1100/642 1338/1055/642 1339/1054/642
f 1293/1100/643 1292/1101/643 1337/1056/643 1338/1055/643
f 1292/1101/644 1291/1102/644 1336/1057/644 1337/1056/644
f 1291/1102/645 1290/1103/645 1335/1058/645 1336/1057/645
f 1290/1103/646 1289/1104/646 1334/1059/646 1335/1058/646
f 1289/1104/647 1288/1105/647 1333/1060/647 1334/1059/647
f 1288/1105/648 1287/1106/648 1332/1061/648 1333/1060/648
f 1287/1106/649 1286/1107/649 1331/1062/649 1332/1061/649
f 1286/1107/650 1285/1108/650 1330/1063/650 1331/1062/650
f 1285/1108/651 1284/1109/651 1329/1064/651 1330/1063/651
f 1284/1109/652 1283/1110/652 1328/1065/652 1329/1064/652
f 1283/1110/653 1282/1111/653 1327/1066/653 1328/1065/653
f 1282/1111/654 1281/1112/654 1326/1067/654 1327/1066/654
f 1281/1112/655 1280/1113/655 1325/1068/655 1326/1067/655
f 1280/1113/656 1279/1114/656 1324/1069/656 1325/1068/656
f 1279/1114/657 1278/1115/657 1323/1070/657 1324/1069/657
f 1278/1115/658 1277/1116/658 1322/1071/658 1323/1070/658
f 1277/1116/659 1276/1117/659 1321/1072/659 1322/1071/659
f 1276/1117/660 1275/1118/660 1320/1073/660 1321/1072/660
f 1275/1118/661 1274/1119/661 1319/1074/661 1320/1073/661
f 1274/1119/662 1273/1120/662 1318/1075/662 1319/1074/662
f 1273/1120/663 1272/1121/663 1317/1076/663 1318/1075/663
f 1272/1121/664 1271/1122/664 1316/1077/664 1317/1076/664
f 1271/1122/665 1270/1123/665 1315/1078/665 1316/1077/665
f 1270/1123/666 1269/1124/666 1314/1079/666 1315/1078/666
f 1269/1124/667 1268/1125/667 1313/1080/667 1314/1079/667
f 1268/1125/668 1267/1126/668 1312/1081/668 1313/1080/668
f 1267/1126/669 1266/1127/669 1311/1082/669 1312/1081/669
f 1266/1127/670 1265/56/670 1310/58/670 1311/1082/670
f 17/1128/671 1264/1129/671 1309/1084/671 16/1083/671
f 1264/1129/672 1263/1130/672 1308/1085/672 1309/1084/672
f 1263/1130/673 1262/1131/673 1307/1086/673 1308/1085/673
f 1262/1131/674 1261/1132/674 1306/1087/674 1307/1086/674
f 1261/1132/675 1260/1133/675 1305/1088/675 1306/1087/675
f 1260/1133/676 1259/1134/676 1304/1089/676 1305/1088/676
f 1259/1134/677 1258/1135/677 1303/1090/677 1304/1089/677
f 1258/1135/678 1257/1136/678 1302/1091/678 1303/1090/678
f 1257/1136/679 1256/1137/679 1301/1092/679 1302/1091/679
f 1256/1137/680 1255/1138/680 1300/1093/680 1301/1092/680
f 1255/1138/681 1254/1139/681 1299/1094/681 1300/1093/681
f 1254/1139/682 1253/1140/682 1298/1095/682 1299/1094/682
f 1253/1140/683 1252/1141/683 1297/1096/683 1298/1095/683
f 1252/1141/684 1251/1142/684 1296/1097/684 1297/1096/684
f 1251/1142/685 1250/1143/685 1295/1098/685 1296/1097/685
f 1250/1143/686 1249/1144/686 1294/1099/686 1295/1098/686
f 1249/1144/687 1248/1145/687 1293/1100/687 1294/1099/687
f 1248/1145/688 1247/1146/688 1292/1101/688 1293/1100/688
f 1247/1146/689 1246/1147/689 1291/1102/689 1292/1101/689
f 1246/1147/690 1245/1148/690 1290/1103/690 1291/1102/690
f 1245/1148/691 1244/1149/691 1289/1104/691 1290/1103/691
f 1244/1149/692 1243/1150/692 1288/1105/692 1289/1104/692
f 1243/1150/693 1242/1151/693 1287/1106/693 1288/1105/693
f 1242/1151/694 1241/1152/694 1286/1107/694 1287/1106/694
f 1241/1152/695 1240/1153/695 1285/1108/695 1286/1107/695
f 1240/1153/696 1239/1154/696 1284/1109/696 1285/1108/696
f 1239/1154/697 1238/1155/697 1283/1110/697 1284/1109/697
f 1238/1155/698 1237/1156/698 1282/1111/698 1283/1110/698
f 1237/1156/699 1236/1157/699 1281/1112/699 1282/1111/699
f 1236/1157/700 1235/1158/700 1280/1113/700 1281/1112/700
f 1235/1158/701 1234/1159/701 1279/1114/701 1280/1113/701
f 1234/1159/702 1233/1160/702 1278/1115/702 1279/1114/702
f 1233/1160/703 1232/1161/703 1277/1116/703 1278/1115/703
f 1232/1161/704 1231/1162/704 1276/1117/704 1277/1116/704
f 1231/1162/705 1230/1163/705 1275/1118/705 1276/1117/705
f 1230/1163/706 1229/1164/706 1274/1119/706 1275/1118/706
f 1229/1164/707 1228/1165/707 1273/1120/707 1274/1119/707
f 1228/1165/708 1227/1166/708 1272/1121/708 1273/1120/708
f 1227/1166/709 1226/1167/709 1271/1122/709 1272/1121/709
f 1226/1167/710 1225/1168/710 1270/1123/710 1271/1122/710
f 1225/1168/711 1224/1169/711 1269/1124/711 1270/1123/711
f 1224/1169/712 1223/1170/712 1268/1125/712 1269/1124/712
f 1223/1170/713 1222/1171/713 1267/1126/713 1268/1125/713
f 1222/1171/714 1221/1172/714 1266/1127/714 1267/1126/714
f 1221/1172/715 1220/54/715 1265/56/715 1266/1127/715
f 18/1173/716 1219/1174/716 1264/1129/716 17/1128/716
f 1219/1174/717 1218/1175/717 1263/1130/717 1264/1129/717
f 1218/1175/718 1217/1176/718 1262/1131/718 1263/1130/718
f 1217/1176/719 1216/1177/719 1261/1132/719 1262/1131/719
f 1216/1177/720 1215/1178/720 1260/1133/720 1261/1132/720
f 1215/1178/721 1214/1179/721 1259/1134/721 1260/1133/721
f 1214/1179/722 1213/1180/722 1258/1135/722 1259/1134/722
f 1213/1180/723 1212/1181/723 1257/1136/723 1258/1135/723
f 1212/1181/724 1211/1182/724 1256/1137/724 1257/1136/724
f 1211/1182/725 1210/1183/725 1255/1138/725 1256/1137/725
f 1210/1183/726 1209/1184/726 1254/1139/726 1255/1138/726
f 1209/1184/727 1208/1185/727 1253/1140/727 1254/1139/727
f 1208/1185/728 1207/1186/728 1252/1141/728 1253/1140/728
f 1207/1186/729 1206/1187/729 1251/1142/729 1252/1141/729
f 1206/1187/730 1205/1188/730 1250/1143/730 1251/1142/730
f 1205/1188/731 1204/1189/731 1249/1144/731 1250/1143/731
f 1204/1189/732 1203/1190/732 1248/1145/732 1249/1144/732
f 1203/1190/733 1202/1191/733 1247/1146/733 1248/1145/733
f 1202/1191/734 1201/1192/734 1246/1147/734 1247/1146/734
f 1201/1192/735 1200/1193/735 1245/1148/735 1246/1147/735
f 1200/1193/736 1199/1194/736 1244/1149/736 1245/1148/736
f 1199/1194/737 1198/1195/737 1243/1150/737 1244/1149/737
f 1198/1195/738 1197/1196/738 1242/1151/738 1243/1150/738
f 1197/1196/739 1196/1197/739 1241/1152/739 1242/1151/739
f 1196/1197/740 1195/1198/740 1240/1153/740 1241/1152/740
f 1195/1198/741 1194/1199/741 1239/1154/741 1240/1153/741
f 1194/1199/742 1193/1200/742 1238/1155/742 1239/1154/742
f 1193/1200/743 1192/1201/743 1237/1156/743 1238/1155/743
f 1192/1201/744 1191/1202/744 1236/1157/744 1237/1156/744
f 1191/1202/745 1190/1203/745 1235/1158/745 1236/1157/745
f 1190/1203/746 1189/1204/746 1234/1159/746 1235/1158/746
f 1189/1204/747 1188/1205/747 1233/1160/747 1234/1159/747
f 1188/1205/748 1187/1206/748 1232/1161/748 1233/1160/748
f 1187/1206/749 1186/1207/749 1231/1162/749 1232/1161/749
f 1186/1207/750 1185/1208/750 1230/1163/750 1231/1162/750
f 1185/1208/751 1184/1209/751 1229/1164/751 1230/1163/751
f 1184/1209/752 1183/1210/752 1228/1165/752 1229/1164/752
f 1183/1210/753 1182/1211/753 1227/1166/753 1228/1165/753
f 1182/1211/754 1181/1212/754 1226/1167/754 1227/1166/754
f 1181/1212/755 1180/1213/755 1225/1168/755 1226/1167/755
f 1180/1213/756 1179/1214/756 1224/1169/756 1225/1168/756
f 1179/1214/757 1178/1215/757 1223/1170/757 1224/1169/757
f 1178/1215/758 1177/1216/758 1222/1171/758 1223/1170/758
f 1177/1216/759 1176/1217/759 1221/1172/759 1222/1171/759
f 1176/1217/760 1175/52/760 1220/54/760 1221/1172/760
f 19/1218/761 1174/1219/761 1219/1174/761 18/1173/761
f 1174/1219/762 1173/1220/762 1218/1175/762 1219/1174/762
f 1173/1220/763 1172/1221/763 1217/1176/763 1218/1175/763
f 1172/1221/764 1171/1222/764 1216/1177/764 1217/1176/764
f 1171/1222/765 1170/1223/765 1215/1178/765 1216/1177/765
f 1170/1223/766 1169/1224/766 1214/1179/766 1215/1178/766
f 1169/1224/767 1168/1225/767 1213/1180/767 1214/1179/767
f 1168/1225/768 1167/1226/768 1212/1181/768 1213/1180/768
f 1167/1226/769 1166/1227/769 1211/1182/769 1212/1181/769
f 1166/1227/770 1165/1228/770 1210/1183/770 1211/1182/770
f 1165/1228/771 1164/1229/771 1209/1184/771 1210/1183/771
f 1164/1229/772 1163/1230/772 1208/1185/772 1209/1184/772
f 1163/1230/773 1162/1231/773 1207/1186/773 1208/1185/773
f 1162/1231/774 1161/1232/774 1206/1187/774 1207/1186/774
f 1161/1232/775 1160/1233/775 1205/1188/775 1206/1187/775
f 1160/1233/776 1159/1234/776 1204/1189/776 1205/1188/776
f 1159/1234/777 1158/1235/777 1203/1190/777 1204/1189/777
f 1158/1235/778 1157/1236/778 1202/1191/778 1203/1190/778
f 1157/1236/779 1156/1237/779 1201/1192/779 1202/1191/779
f 1156/1237/780 1155/1238/780 1200/1193/780 1201/1192/780
f 1155/1238/781 1154/1239/781 1199/1194/781 1200/1193/781
f 1154/1239/782 1153/1240/782 1198/1195/782 1199/1194/782
f 1153/1240/783 1152/1241/783 1197/1196/783 1198/1195/783
f 1152/1241/784 1151/1242/784 1196/1197/784 1197/1196/784
f 1151/1242/785 1150/1243/785 1195/1198/785 1196/1197/785
f 1150/1243/786 1149/1244/786 1194/1199/786 1195/1198/786
f 1149/1244/787 1148/1245/787 1193/1200/787 1194/1199/787
f 1148/1245/788 1147/1246/788 1192/1201/788 1193/1200/788
f 1147/1246/789 1146/1247/789 1191/1202/789 1192/1201/789
f 1146/1247/790 1145/1248/790 1190/1203/790 1191/1202/790
f 1145/1248/791 1144/1249/791 1189/1204/791 1190/1203/791
f 1144/1249/792 1143/1250/792 1188/1205/792 1189/1204/792
f 1143/1250/793 1142/1251/793 1187/1206/793 1188/1205/793
f 1142/1251/794 1141/1252/794 1186/1207/794 1187/1206/794
f 1141/1252/795 1140/1253/795 1185/1208/795 1186/1207/795
f 1140/1253/796 1139/1254/796 1184/1209/796 1185/1208/796
f 1139/1254/797 1138/1255/797 1183/1210/797 1184/1209/797
f 1138/1255/798 1137/1256/798 1182/1211/798 1183/1210/798
f 1137/1256/799 1136/1257/799 1181/1212/799 1182/1211/799
f 1136/1257/800 1135/1258/800 1180/1213/800 1181/1212/800
f 1135/1258/801 1134/1259/801 1179/1214/801 1180/1213/801
f 1134/1259/802 1133/1260/802 1178/1215/802 1179/1214/802
f 1133/1260/803 1132/1261/803 1177/1216/803 1178/1215/803
f 1132/1261/804 1131/1262/804 1176/1217/804 1177/1216/804
f 1131/1262/805 1130/50/805 1175/52/805 1176/1217/805
f 20/1263/806 1129/1264/806 1174/1219/806 19/1218/806
f 1129/1264/807 1128/1265/807 1173/1220/807 1174/1219/807
f 1128/1265/808 1127/1266/808 1172/1221/808 1173/1220/808
f 1127/1266/809 1126/1267/809 1171/1222/809 1172/1221/809
f 1126/1267/810 1125/1268/810 1170/1223/810 1171/1222/810
f 1125/1268/811 1124/1269/811 1169/1224/811 1170/1223/811
f 1124/1269/812 1123/1270/812 1168/1225/812 1169/1224/812
f 1123/1270/813 1122/1271/813 1167/1226/813 1168/1225/813
f 1122/1271/814 1121/1272/814 1166/1227/814 1167/1226/814
f 1121/1272/815 1120/1273/815 1165/1228/815 1166/1227/815
f 1120/1273/816 1119/1274/816 1164/1229/816 1165/1228/816
f 1119/1274/817 1118/1275/817 1163/1230/817 1164/1229/817
f 1118/1275/818 1117/1276/818 1162/1231/818 1163/1230/818
f 1117/1276/819 1116/1277/819 1161/1232/819 1162/1231/819
f 1116/1277/820 1115/1278/820 1160/1233/820 1161/1232/820
f 1115/1278/821 1114/1279/821 1159/1234/821 1160/1233/821
f 1114/1279/822 1113/1280/822 1158/1235/822 1159/1234/822
f 1113/1280/823 1112/1281/823 1157/1236/823 1158/1235/823
f 1112/1281/824 1111/1282/824 1156/1237/824 1157/1236/824
f 1111/1282/825 1110/1283/825 1155/1238/825 1156/1237/825
f 1110/1283/826 1109/1284/826 1154/1239/826 1155/1238/826
f 1109/1284/827 1108/1285/827 1153/1240/827 1154/1239/827
f 1108/1285/828 1107/1286/828 1152/1241/828 1153/1240/828
f 1107/1286/829 1106/1287/829 1151/1242/829 1152/1241/829
f 1106/1287/830 1105/1288/830 1150/1243/830 1151/1242/830
f 1105/1288/831 1104/1289/831 1149/1244/831 1150/1243/831
f 1104/1289/832 1103/1290/832 1148/1245/832 1149/1244/832
f 1103/1290/833 1102/1291/833 1147/1246/833 1148/1245/833
f 1102/1291/834 1101/1292/834 1146/1247/834 1147/1246/834
f 1101/1292/835 1100/1293/835 1145/1248/835 1146/1247/835
f 1100/1293/836 1099/1294/836 1144/1249/836 1145/1248/836
f 1099/1294/837 1098/1295/837 1143/1250/837 1144/1249/837
f 1098/1295/838 1097/1296/838 1142/1251/838 1143/1250/838
f 1097/1296/839 1096/1297/839 1141/1252/839 1142/1251/839
f 1096/1297/840 1095/1298/840 1140/1253/840 1141/1252/840
f 1095/1298/841 1094/1299/841 1139/1254/841 1140/1253/841
f 1094/1299/842 1093/1300/842 1138/1255/842 1139/1254/842
f 1093/1300/843 1092/1301/843 1137/1256/843 1138/1255/843
f 1092/1301/844 1091/1302/844 1136/1257/844 1137/1256/844
f 1091/1302/845 1090/1303/845 1135/1258/845 1136/1257/845
f 1090/1303/846 1089/1304/846 1134/1259/846 1135/1258/846
f 1089/1304/847 1088/1305/847 1133/1260/847 1134/1259/847
f 1088/1305/848 1087/1306/848 1132/1261/848 1133/1260/848
f 1087/1306/849 1086/1307/849 1131/1262/849 1132/1261/849
f 1086/1307/850 1085/48/850 1130/50/850 1131/1262/850
f 21/1308/851 1084/1309/851 1129/1264/851 20/1263/851
f 1084/1309/852 1083/1310/852 1128/1265/852 1129/1264/852
f 1083/1310/853 1082/1311/853 1127/1266/853 1128/1265/853
f 1082/1311/854 1081/1312/854 1126/1267/854 1127/1266/854
f 1081/1312/855 1080/1313/855 1125/1268/855 1126/1267/855
f 1080/1313/856 1079/1314/856 1124/1269/856 1125/1268/856
f 1079/1314/857 1078/1315/857 1123/1270/857 1124/1269/857
f 1078/1315/858 1077/1316/858 1122/1271/858 1123/1270/858
f 1077/1316/859 1076/1317/859 1121/1272/859 1122/1271/859
f 1076/1317/860 1075/1318/860 1120/1273/860 1121/1272/860
f 1075/1318/861 1074/1319/861 1119/1274/861 1120/1273/861
f 1074/1319/862 1073/1320/862 1118/1275/862 1119/1274/862
f 1073/1320/863 1072/1321/863 1117/1276/863 1118/1275/863
f 1072/1321/864 1071/1322/864 1116/1277/864 1117/1276/864
f 1071/1322/865 1070/1323/865 1115/1278/865 1116/1277/865
f 1070/1323/866 1069/1324/866 1114/1279/866 1115/1278/866
f 1069/1324/867 1068/1325/867 1113/1280/867 1114/1279/867
f 1068/1325/868 1067/1326/868 1112/1281/868 1113/1280/868
f 1067/1326/869 1066/1327/869 1111/1282/869 1112/1281/869
f 1066/1327/870 1065/1328/870 1110/1283/870 1111/1282/870
f 1065/1328/871 1064/1329/871 1109/1284/871 1110/1283/871
f 1064/1329/872 1063/1330/872 1108/1285/872 1109/1284/872
f 1063/1330/873 1062/1331/873 1107/1286/873 1108/1285/873
f 1062/1331/874 1061/1332/874 1106/1287/874 1107/1286/874
f 1061/1332/875 1060/1333/875 1105/1288/875 1106/1287/875
f 1060/1333/876 1059/1334/876 1104/1289/876 1105/1288/876
f 1059/1334/877 1058/1335/877 1103/1290/877 1104/1289/877
f 1058/1335/878 1057/1336/878 1102/1291/878 1103/1290/878
f 1057/1336/879 1056/1337/879 1101/1292/879 1102/1291/879
f 1056/1337/880 1055/1338/880 1100/1293/880 1101/1292/880
f 1055/1338/881 1054/1339/881 1099/1294/881 1100/1293/881
f 1054/1339/882 1053/1340/882 1098/1295/882 1099/1294/882
f 1053/1340/883 1052/1341/883 1097/1296/883 1098/1295/883
f 1052/1341/884 1051/1342/884 1096/1297/884 1097/1296/884
f 1051/1342/885 1050/1343/885 1095/1298/885 1096/1297/885
f 1050/1343/886 1049/1344/886 1094/1299/886 1095/1298/886
f 1049/1344/887 1048/1345/887 1093/1300/887 1094/1299/887
f 1048/1345/888 1047/1346/888 1092/1301/888 1093/1300/888
f 1047/1346/889 1046/1347/889 1091/1302/889 1092/1301/889
f 1046/1347/890 1045/1348/890 1090/1303/890 1091/1302/890
f 1045/1348/891 1044/1349/891 1089/1304/891 1090/1303/891
f 1044/1349/892 1043/1350/892 1088/1305/892 1089/1304/892
f 1043/1350/893 1042/1351/893 1087/1306/893 1088/1305/893
f 1042/1351/894 1041/1352/894 1086/1307/894 1087/1306/894
f 1041/1352/895 1040/46/895 1085/48/895 1086/1307/895
f 22/1353/896 1039/1354/896 1084/1309/896 21/1308/896
f 1039/1354/897 1038/1355/897 1083/1310/897 1084/1309/897
f 1038/1355/898 1037/1356/898 1082/1311/898 1083/1310/898
f 1037/1356/899 1036/1357/899 1081/1312/899 1082/1311/899
f 1036/1357/900 1035/1358/900 1080/1313/900 1081/1312/900
f 1035/1358/901 1034/1359/901 1079/1314/901 1080/1313/901
f 1034/1359/902 1033/1360/902 1078/1315/902 1079/1314/902
f 1033/1360/903 1032/1361/903 1077/1316/903 1078/1315/903
f 1032/1361/904 1031/1362/904 1076/1317/904 1077/1316/904
f 1031/1362/905 1030/1363/905 1075/1318/905 1076/1317/905
f 1030/1363/906 1029/1364/906 1074/1319/906 1075/1318/906
f 1029/1364/907 1028/1365/907 1073/1320/907 1074/1319/907
f 1028/1365/908 1027/1366/908 1072/1321/908 1073/1320/908
f 1027/1366/909 1026/1367/909 1071/1322/909 1072/1321/909
f 1026/1367/910 1025/1368/910 1070/1323/910 1071/1322/910
f 1025/1368/911 1024/1369/911 1069/1324/911 1070/1323/911
f 1024/1369/912 1023/1370/912 1068/1325/912 1069/1324/912
f 1023/1370/913 1022/1371/913 1067/1326/913 1068/1325/913
f 1022/1371/914 1021/1372/914 1066/1327/914 1067/1326/914
f 1021/1372/915 1020/1373/915 1065/1328/915 1066/1327/915
f 1020/1373/916 1019/1374/916 1064/1329/916 1065/1328/916
f 1019/1374/917 1018/1375/917 1063/1330/917 1064/1329/917
f 1018/1375/918 1017/1376/918 1062/1331/918 1063/1330/918
f 1017/1376/919 1016/1377/919 1061/1332/919 1062/1331/919
f 1016/1377/920 1015/1378/920 1060/1333/920 1061/1332/920
f 1015/1378/921 1014/1379/921 1059/1334/921 1060/1333/921
f 1014/1379/922 1013/1380/922 1058/1335/922 1059/1334/922
f 1013/1380/39 1012/1381/39 1057/1336/39 1058/1335/39
f 1012/1381/923 1011/1382/923 1056/1337/923 1057/1336/923
f 1011/1382/924 1010/1383/924 1055/1338/924 1056/1337/924
f 1010/1383/925 1009/1384/925 1054/1339/925 1055/1338/925
f 1009/1384/926 1008/1385/926 1053/1340/926 1054/1339/926
f 1008/1385/927 1007/1386/927 1052/1341/927 1053/1340/927
f 1007/1386/928 1006/1387/928 1051/1342/928 1052/1341/928
f 1006/1387/929 1005/1388/929 1050/1343/929 1051/1342/929
f 1005/1388/930 1004/1389/930 1049/1344/930 1050/1343/930
f 1004/1389/931 1003/1390/931 1048/1345/931 1049/1344/931
f 1003/1390/932 1002/1391/932 1047/1346/932 1048/1345/932
f 1002/1391/933 1001/1392/933 1046/1347/933 1047/1346/933
f 1001/1392/934 1000/1393/934 1045/1348/934 1046/1347/934
f 1000/1393/935 999/1394/935 1044/1349/935 1045/1348/935
f 999/1394/936 998/1395/936 1043/1350/936 1044/1349/936
f 998/1395/937 997/1396/937 1042/1351/937 1043/1350/937
f 997/1396/938 996/1397/938 1041/1352/938 1042/1351/938
f 996/1397/939 995/44/939 1040/46/939 1041/1352/939
f 23/1398/940 994/1399/940 1039/1354/940 22/1353/940
f 994/1399/941 993/1400/941 1038/1355/941 1039/1354/941
f 993/1400/942 992/1401/942 1037/1356/942 1038/1355/942
f 992/1401/943 991/1402/943 1036/1357/943 1037/1356/943
f 991/1402/944 990/1403/944 1035/1358/944 1036/1357/944
f 990/1403/945 989/1404/945 1034/1359/945 1035/1358/945
f 989/1404/946 988/1405/946 1033/1360/946 1034/1359/946
f 988/1405/947 987/1406/947 1032/1361/947 1033/1360/947
f 987/1406/948 986/1407/948 1031/1362/948 1032/1361/948
f 986/1407/949 985/1408/949 1030/1363/949 1031/1362/949
f 985/1408/950 984/1409/950 1029/1364/950 1030/1363/950
f 984/1409/951 983/1410/951 1028/1365/951 1029/1364/951
f 983/1410/952 982/1411/952 1027/1366/952 1028/1365/952
f 982/1411/953 981/1412/953 1026/1367/953 1027/1366/953
f 981/1412/954 980/1413/954 1025/1368/954 1026/1367/954
f 980/1413/955 979/1414/955 1024/1369/955 1025/1368/955
f 979/1414/956 978/1415/956 1023/1370/956 1024/1369/956
f 978/1415/957 977/1416/957 1022/1371/957 1023/1370/957
f 977/1416/958 976/1417/958 1021/1372/958 1022/1371/958
f 976/1417/959 975/1418/959 1020/1373/959 1021/1372/959
f 975/1418/960 974/1419/960 1019/1374/960 1020/1373/960
f 974/1419/961 973/1420/961 1018/1375/961 1019/1374/961
f 973/1420/962 972/1421/962 1017/1376/962 1018/1375/962
f 972/1421/39 971/1422/39 1016/1377/39 1017/1376/39
f 971/1422/39 970/1423/39 1015/1378/39 1016/1377/39
f 970/1423/39 969/1424/39 1014/1379/39 1015/1378/39
f 969/1424/39 968/1425/39 1013/1380/39 1014/1379/39
f 968/1425/39 967/1426/39 1012/1381/39 1013/1380/39
f 967/1426/963 966/1427/963 1011/1382/963 1012/1381/963
f 966/1427/964 965/1428/964 1010/1383/964 1011/1382/964
f 965/1428/965 964/1429/965 1009/1384/965 1010/1383/965
f 964/1429/966 963/1430/966 1008/1385/966 1009/1384/966
f 963/1430/967 962/1431/967 1007/1386/967 1008/1385/967
f 962/1431/968 961/1432/968 1006/1387/968 1007/1386/968
f 961/1432/969 960/1433/969 1005/1388/969 1006/1387/969
f 960/1433/970 959/1434/970 1004/1389/970 1005/1388/970
f 959/1434/971 958/1435/971 1003/1390/971 1004/1389/971
f 958/1435/972 957/1436/972 1002/1391/972 1003/1390/972
f 957/1436/973 956/1437/973 1001/1392/973 1002/1391/973
f 956/1437/974 955/1438/974 1000/1393/974 1001/1392/974
f 955/1438/975 954/1439/975 999/1394/975 1000/1393/975
f 954/1439/976 953/1440/976 998/1395/976 999/1394/976
f 953/1440/977 952/1441/977 997/1396/977 998/1395/977
f 952/1441/978 951/1442/978 996/1397/978 997/1396/978
f 951/1442/979 950/42/979 995/44/979 996/1397/979
f 24/1443/980 949/1444/980 994/1399/980 23/1398/980
f 949/1444/981 948/1445/981 993/1400/981 994/1399/981
f 948/1445/982 947/1446/982 992/1401/982 993/1400/982
f 947/1446/983 946/1447/983 991/1402/983 992/1401/983
f 946/1447/984 945/1448/984 990/1403/984 991/1402/984
f 945/1448/985 944/1449/985 989/1404/985 990/1403/985
f 944/1449/986 943/1450/986 988/1405/986 989/1404/986
f 943/1450/987 942/1451/987 987/1406/987 988/1405/987
f 942/1451/988 941/1452/988 986/1407/988 987/1406/988
f 941/1452/989 940/1453/989 985/1408/989 986/1407/989
f 940/1453/990 939/1454/990 984/1409/990 985/1408/990
f 939/1454/991 938/1455/991 983/1410/991 984/1409/991
f 938/1455/992 937/1456/992 982/1411/992 983/1410/992
f 937/1456/993 936/1457/993 981/1412/993 982/1411/993
f 936/1457/994 935/1458/994 980/1413/994 981/1412/994
f 935/1458/995 934/1459/995 979/1414/995 980/1413/995
f 934/1459/996 933/1460/996 978/1415/996 979/1414/996
f 933/1460/997 932/1461/997 977/1416/997 978/1415/997
f 932/1461/998 931/1462/998 976/1417/998 977/1416/998
f 931/1462/999 930/1463/999 975/1418/999 976/1417/999
f 930/1463/999 929/1464/999 974/1419/999 975/1418/999
f 929/1464/1000 928/1465/1000 973/1420/1000 974/1419/1000
f 928/1465/1001 927/1466/1001 972/1421/1001 973/1420/1001
f 927/1466/1002 926/1467/1002 971/1422/1002 972/1421/1002
f 926/1467/1003 925/1468/1003 970/1423/1003 971/1422/1003
f 925/1468/1003 924/1469/1003 969/1424/1003 970/1423/1003
f 924/1469/1003 923/1470/1003 968/1425/1003 969/1424/1003
f 923/1470/1003 922/1471/1003 967/1426/1003 968/1425/1003
f 922/1471/1004 921/1472/1004 966/1427/1004 967/1426/1004
f 921/1472/1005 920/1473/1005 965/1428/1005 966/1427/1005
f 920/1473/1006 919/1474/1006 964/1429/1006 965/1428/1006
f 919/1474/1007 918/1475/1007 963/1430/1007 964/1429/1007
f 918/1475/1008 917/1476/1008 962/1431/1008 963/1430/1008
f 917/1476/1009 916/1477/1009 961/1432/1009 962/1431/1009
f 916/1477/1010 915/1478/1010 960/1433/1010 961/1432/1010
f 915/1478/1011 914/1479/1011 959/1434/1011 960/1433/1011
f 914/1479/1012 913/1480/1012 958/1435/1012 959/1434/1012
f 913/1480/1013 912/1481/1013 957/1436/1013 958/1435/1013
f 912/1481/1014 911/1482/1014 956/1437/1014 957/1436/1014
f 911/1482/1015 910/1483/1015 955/1438/1015 956/1437/1015
f 910/1483/1016 909/1484/1016 954/1439/1016 955/1438/1016
f 909/1484/1017 908/1485/1017 953/1440/1017 954/1439/1017
f 908/1485/1018 907/1486/1018 952/1441/1018 953/1440/1018
f 907/1486/1019 906/1487/1019 951/1442/1019 952/1441/1019
f 906/1487/1020 905/40/1020 950/42/1020 951/1442/1020
f 25/1488/1021 904/1489/1021 949/1444/1021 24/1443/1021
f 904/1489/1022 903/1490/1022 948/1445/1022 949/1444/1022
f 903/1490/1023 902/1491/1023 947/1446/1023 948/1445/1023
f 902/1491/1024 901/1492/1024 946/1447/1024 947/1446/1024
f 901/1492/1025 900/1493/1025 945/1448/1025 946/1447/1025
f 900/1493/1026 899/1494/1026 944/1449/1026 945/1448/1026
f 899/1494/1027 898/1495/1027 943/1450/1027 944/1449/1027
f 898/1495/1028 897/1496/1028 942/1451/1028 943/1450/1028
f 897/1496/1029 896/1497/1029 941/1452/1029 942/1451/1029
f 896/1497/1030 895/1498/1030 940/1453/1030 941/1452/1030
f 895/1498/1031 894/1499/1031 939/1454/1031 940/1453/1031
f 894/1499/1032 893/1500/1032 938/1455/1032 939/1454/1032
f 893/1500/1033 892/1501/1033 937/1456/1033 938/1455/1033
f 892/1501/1034 891/1502/1034 936/1457/1034 937/1456/1034
f 891/1502/1035 890/1503/1035 935/1458/1035 936/1457/1035
f 890/1503/1036 889/1504/1036 934/1459/1036 935/1458/1036
f 889/1504/1036 888/1505/1036 933/1460/1036 934/1459/1036
f 888/1505/1036 887/1506/1036 932/1461/1036 933/1460/1036
f 887/1506/1036 886/1507/1036 931/1462/1036 932/1461/1036
f 886/1507/1037 885/1508/1037 930/1463/1037 931/1462/1037
f 885/1508/1038 884/1509/1038 929/1464/1038 930/1463/1038
f 884/1509/1039 883/1510/1039 928/1465/1039 929/1464/1039
f 883/1510/1040 882/1511/1040 927/1466/1040 928/1465/1040
f 882/1511/1041 881/1512/1041 926/1467/1041 927/1466/1041
f 881/1512/1042 880/1513/1042 925/1468/1042 926/1467/1042
f 880/1513/1042 879/1514/1042 924/1469/1042 925/1468/1042
f 879/1514/1042 878/1515/1042 923/1470/1042 924/1469/1042
f 878/1515/1042 877/1516/1042 922/1471/1042 923/1470/1042
f 877/1516/1043 876/1517/1043 921/1472/1043 922/1471/1043
f 876/1517/1044 875/1518/1044 920/1473/1044 921/1472/1044
f 875/1518/1045 874/1519/1045 919/1474/1045 920/1473/1045
f 874/1519/1046 873/1520/1046 918/1475/1046 919/1474/1046
f 873/1520/1047 872/1521/1047 917/1476/1047 918/1475/1047
f 872/1521/1048 871/1522/1048 916/1477/1048 917/1476/1048
f 871/1522/1049 870/1523/1049 915/1478/1049 916/1477/1049
f 870/1523/1050 869/1524/1050 914/1479/1050 915/1478/1050
f 869/1524/1051 868/1525/1051 913/1480/1051 914/1479/1051
f 868/1525/1052 867/1526/1052 912/1481/1052 913/1480/1052
f 867/1526/1053 866/1527/1053 911/1482/1053 912/1481/1053
f 866/1527/1054 865/1528/1054 910/1483/1054 911/1482/1054
f 865/1528/1055 864/1529/1055 909/1484/1055 910/1483/1055
f 864/1529/1056 863/1530/1056 908/1485/1056 909/1484/1056
f 863/1530/1057 862/1531/1057 907/1486/1057 908/1485/1057
f 862/1531/1058 861/1532/1058 906/1487/1058 907/1486/1058
f 861/1532/1059 860/38/1059 905/40/1059 906/1487/1059
f 26/1533/1060 859/1534/1060 904/1489/1060 25/1488/1060
f 859/1534/1061 858/1535/1061 903/1490/1061 904/1489/1061
f 858/1535/1062 857/1536/1062 902/1491/1062 903/1490/1062
f 857/1536/1063 856/1537/1063 901/1492/1063 902/1491/1063
f 856/1537/1064 855/1538/1064 900/1493/1064 901/1492/1064
f 855/1538/1065 854/1539/1065 899/1494/1065 900/1493/1065
f 854/1539/1066 853/1540/1066 898/1495/1066 899/1494/1066
f 853/1540/1067 852/1541/1067 897/1496/1067 898/1495/1067
f 852/1541/1068 851/1542/1068 896/1497/1068 897/1496/1068
f 851/1542/1069 850/1543/1069 895/1498/1069 896/1497/1069
f 850/1543/1070 849/1544/1070 894/1499/1070 895/1498/1070
f 849/1544/1071 848/1545/1071 893/1500/1071 894/1499/1071
f 848/1545/1072 847/1546/1072 892/1501/1072 893/1500/1072
f 847/1546/1073 846/1547/1073 891/1502/1073 892/1501/1073
f 846/1547/1074 845/1548/1074 890/1503/1074 891/1502/1074
f 845/1548/1075 844/1549/1075 889/1504/1075 890/1503/1075
f 844/1549/1075 843/1550/1075 888/1505/1075 889/1504/1075
f 843/1550/1075 842/1551/1075 887/1506/1075 888/1505/1075
f 842/1551/1076 841/1552/1076 886/1507/1076 887/1506/1076
f 841/1552/1077 840/1553/1077 885/1508/1077 886/1507/1077
f 840/1553/1078 839/1554/1078 884/1509/1078 885/1508/1078
f 839/1554/1079 838/1555/1079 883/1510/1079 884/1509/1079
f 838/1555/1080 837/1556/1080 882/1511/1080 883/1510/1080
f 837/1556/999 836/1557/999 881/1512/999 882/1511/999
f 836/1557/999 835/1558/999 880/1513/999 881/1512/999
f 835/1558/999 834/1559/999 879/1514/999 880/1513/999
f 834/1559/999 833/1560/999 878/1515/999 879/1514/999
f 833/1560/999 832/1561/999 877/1516/999 878/1515/999
f 832/1561/1081 831/1562/1081 876/1517/1081 877/1516/1081
f 831/1562/1082 830/1563/1082 875/1518/1082 876/1517/1082
f 830/1563/1083 829/1564/1083 874/1519/1083 875/1518/1083
f 829/1564/1084 828/1565/1084 873/1520/1084 874/1519/1084
f 828/1565/1085 827/1566/1085 872/1521/1085 873/1520/1085
f 827/1566/1086 826/1567/1086 871/1522/1086 872/1521/1086
f 826/1567/1087 825/1568/1087 870/1523/1087 871/1522/1087
f 825/1568/1088 824/1569/1088 869/1524/1088 870/1523/1088
f 824/1569/1089 823/1570/1089 868/1525/1089 869/1524/1089
f 823/1570/1090 822/1571/1090 867/1526/1090 868/1525/1090
f 822/1571/1091 821/1572/1091 866/1527/1091 867/1526/1091
f 821/1572/1092 820/1573/1092 865/1528/1092 866/1527/1092
f 820/1573/1093 819/1574/1093 864/1529/1093 865/1528/1093
f 819/1574/1094 818/1575/1094 863/1530/1094 864/1529/1094
f 818/1575/1095 817/1576/1095 862/1531/1095 863/1530/1095
f 817/1576/1096 816/1577/1096 861/1532/1096 862/1531/1096
f 816/1577/1097 815/36/1097 860/38/1097 861/1532/1097
f 27/1578/1098 814/1579/1098 859/1534/1098 26/1533/1098
f 814/1579/1099 813/1580/1099 858/1535/1099 859/1534/1099
f 813/1580/1100 812/1581/1100 857/1536/1100 858/1535/1100
f 812/1581/1101 811/1582/1101 856/1537/1101 857/1536/1101
f 811/1582/1102 810/1583/1102 855/1538/1102 856/1537/1102
f 810/1583/1103 809/1584/1103 854/1539/1103 855/1538/1103
f 809/1584/1104 808/1585/1104 853/1540/1104 854/1539/1104
f 808/1585/1105 807/1586/1105 852/1541/1105 853/1540/1105
f 807/1586/1106 806/1587/1106 851/1542/1106 852/1541/1106
f 806/1587/1107 805/1588/1107 850/1543/1107 851/1542/1107
f 805/1588/1108 804/1589/1108 849/1544/1108 850/1543/1108
f 804/1589/1109 803/1590/1109 848/1545/1109 849/1544/1109
f 803/1590/1110 802/1591/1110 847/1546/1110 848/1545/1110
f 802/1591/1111 801/1592/1111 846/1547/1111 847/1546/1111
f 801/1592/1112 800/1593/1112 845/1548/1112 846/1547/1112
f 800/1593/921 799/1594/921 844/1549/921 845/1548/921
f 799/1594/921 798/1595/921 843/1550/921 844/1549/921
f 798/1595/921 797/1596/921 842/1551/921 843/1550/921
f 797/1596/1113 796/1597/1113 841/1552/1113 842/1551/1113
f 796/1597/1114 795/1598/1114 840/1553/1114 841/1552/1114
f 795/1598/1035 794/1599/1035 839/1554/1035 840/1553/1035
f 794/1599/1036 793/1600/1036 838/1555/1036 839/1554/1036
f 793/1600/1036 792/1601/1036 837/1556/1036 838/1555/1036
f 792/1601/1036 791/1602/1036 836/1557/1036 837/1556/1036
f 791/1602/1036 790/1603/1036 835/1558/1036 836/1557/1036
f 790/1603/1036 789/1604/1036 834/1559/1036 835/1558/1036
f 789/1604/1036 788/1605/1036 833/1560/1036 834/1559/1036
f 788/1605/1036 787/1606/1036 832/1561/1036 833/1560/1036
f 787/1606/1115 786/1607/1115 831/1562/1115 832/1561/1115
f 786/1607/1116 785/1608/1116 830/1563/1116 831/1562/1116
f 785/1608/1117 784/1609/1117 829/1564/1117 830/1563/1117
f 784/1609/1118 783/1610/1118 828/1565/1118 829/1564/1118
f 783/1610/1119 782/1611/1119 827/1566/1119 828/1565/1119
f 782/1611/1120 781/1612/1120 826/1567/1120 827/1566/1120
f 781/1612/1121 780/1613/1121 825/1568/1121 826/1567/1121
f 780/1613/1122 779/1614/1122 824/1569/1122 825/1568/1122
f 779/1614/1123 778/1615/1123 823/1570/1123 824/1569/1123
f 778/1615/1124 777/1616/1124 822/1571/1124 823/1570/1124
f 777/1616/1125 776/1617/1125 821/1572/1125 822/1571/1125
f 776/1617/1126 775/1618/1126 820/1573/1126 821/1572/1126
f 775/1618/1127 774/1619/1127 819/1574/1127 820/1573/1127
f 774/1619/1128 773/1620/1128 818/1575/1128 819/1574/1128
f 773/1620/1129 772/1621/1129 817/1576/1129 818/1575/1129
f 772/1621/1130 771/1622/1130 816/1577/1130 817/1576/1130
f 771/1622/1131 770/34/1131 815/36/1131 816/1577/1131
f 28/1623/1132 769/1624/1132 814/1579/1132 27/1578/1132
f 769/1624/1133 768/1625/1133 813/1580/1133 814/1579/1133
f 768/1625/1134 767/1626/1134 812/1581/1134 813/1580/1134
f 767/1626/1135 766/1627/1135 811/1582/1135 812/1581/1135
f 766/1627/1136 765/1628/1136 810/1583/1136 811/1582/1136
f 765/1628/1137 764/1629/1137 809/1584/1137 810/1583/1137
f 764/1629/1138 763/1630/1138 808/1585/1138 809/1584/1138
f 763/1630/1139 762/1631/1139 807/1586/1139 808/1585/1139
f 762/1631/1140 761/1632/1140 806/1587/1140 807/1586/1140
f 761/1632/1141 760/1633/1141 805/1588/1141 806/1587/1141
f 760/1633/1142 759/1634/1142 804/1589/1142 805/1588/1142
f 759/1634/1143 758/1635/1143 803/1590/1143 804/1589/1143
f 758/1635/1144 757/1636/1144 802/1591/1144 803/1590/1144
f 757/1636/1145 756/1637/1145 801/1592/1145 802/1591/1145
f 756/1637/39 755/1638/39 800/1593/39 801/1592/39
f 755/1638/39 754/1639/39 799/1594/39 800/1593/39
f 754/1639/39 753/1640/39 798/1595/39 799/1594/39
f 753/1640/39 752/1641/39 797/1596/39 798/1595/39
f 752/1641/39 751/1642/39 796/1597/39 797/1596/39
f 751/1642/1146 750/1643/1146 795/1598/1146 796/1597/1146
f 750/1643/1074 749/1644/1074 794/1599/1074 795/1598/1074
f 749/1644/1075 748/1645/1075 793/1600/1075 794/1599/1075
f 748/1645/1075 747/1646/1075 792/1601/1075 793/1600/1075
f 747/1646/1075 746/1647/1075 791/1602/1075 792/1601/1075
f 746/1647/1075 745/1648/1075 790/1603/1075 791/1602/1075
f 745/1648/1075 744/1649/1075 789/1604/1075 790/1603/1075
f 744/1649/1075 743/1650/1075 788/1605/1075 789/1604/1075
f 743/1650/1147 742/1651/1147 787/1606/1147 788/1605/1147
f 742/1651/1148 741/1652/1148 786/1607/1148 787/1606/1148
f 741/1652/1149 740/1653/1149 785/1608/1149 786/1607/1149
f 740/1653/1150 739/1654/1150 784/1609/1150 785/1608/1150
f 739/1654/1151 738/1655/1151 783/1610/1151 784/1609/1151
f 738/1655/1152 737/1656/1152 782/1611/1152 783/1610/1152
f 737/1656/1153 736/1657/1153 781/1612/1153 782/1611/1153
f 736/1657/1154 735/1658/1154 780/1613/1154 781/1612/1154
f 735/1658/1155 734/1659/1155 779/1614/1155 780/1613/1155
f 734/1659/1156 733/1660/1156 778/1615/1156 779/1614/1156
f 733/1660/1157 732/1661/1157 777/1616/1157 778/1615/1157
f 732/1661/1158 731/1662/1158 776/1617/1158 777/1616/1158
f 731/1662/1159 730/1663/1159 775/1618/1159 776/1617/1159
f 730/1663/1160 729/1664/1160 774/1619/1160 775/1618/1160
f 729/1664/1161 728/1665/1161 773/1620/1161 774/1619/1161
f 728/1665/1162 727/1666/1162 772/1621/1162 773/1620/1162
f 727/1666/1163 726/1667/1163 771/1622/1163 772/1621/1163
f 726/1667/1164 725/32/1164 770/34/1164 771/1622/1164
f 29/1668/1165 724/1669/1165 769/1624/1165 28/1623/1165
f 724/1669/1166 723/1670/1166 768/1625/1166 769/1624/1166
f 723/1670/1167 722/1671/1167 767/1626/1167 768/1625/1167
f 722/1671/1168 721/1672/1168 766/1627/1168 767/1626/1168
f 721/1672/1169 720/1673/1169 765/1628/1169 766/1627/1169
f 720/1673/1170 719/1674/1170 764/1629/1170 765/1628/1170
f 719/1674/1171 718/1675/1171 763/1630/1171 764/1629/1171
f 718/1675/1172 717/1676/1172 762/1631/1172 763/1630/1172
f 717/1676/1173 716/1677/1173 761/1632/1173 762/1631/1173
f 716/1677/1174 715/1678/1174 760/1633/1174 761/1632/1174
f 715/1678/1175 714/1679/1175 759/1634/1175 760/1633/1175
f 714/1679/1176 713/1680/1176 758/1635/1176 759/1634/1176
f 713/1680/1177 712/1681/1177 757/1636/1177 758/1635/1177
f 712/1681/1178 711/1682/1178 756/1637/1178 757/1636/1178
f 711/1682/39 710/1683/39 755/1638/39 756/1637/39
f 710/1683/39 709/1684/39 754/1639/39 755/1638/39
f 709/1684/39 708/1685/39 753/1640/39 754/1639/39
f 708/1685/39 707/1686/39 752/1641/39 753/1640/39
f 707/1686/39 706/1687/39 751/1642/39 752/1641/39
f 706/1687/39 705/1688/39 750/1643/39 751/1642/39
f 705/1688/1112 704/1689/1112 749/1644/1112 750/1643/1112
f 704/1689/921 703/1690/921 748/1645/921 749/1644/921
f 703/1690/921 702/1691/921 747/1646/921 748/1645/921
f 702/1691/921 701/1692/921 746/1647/921 747/1646/921
f 701/1692/921 700/1693/921 745/1648/921 746/1647/921
f 700/1693/921 699/1694/921 744/1649/921 745/1648/921
f 699/1694/921 698/1695/921 743/1650/921 744/1649/921
f 698/1695/1179 697/1696/1179 742/1651/1179 743/1650/1179
f 697/1696/1180 696/1697/1180 741/1652/1180 742/1651/1180
f 696/1697/1181 695/1698/1181 740/1653/1181 741/1652/1181
f 695/1698/1182 694/1699/1182 739/1654/1182 740/1653/1182
f 694/1699/1183 693/1700/1183 738/1655/1183 739/1654/1183
f 693/1700/1184 692/1701/1184 737/1656/1184 738/1655/1184
f 692/1701/1185 691/1702/1185 736/1657/1185 737/1656/1185
f 691/1702/1186 690/1703/1186 735/1658/1186 736/1657/1186
f 690/1703/1187 689/1704/1187 734/1659/1187 735/1658/1187
f 689/1704/1188 688/1705/1188 733/1660/1188 734/1659/1188
f 688/1705/1189 687/1706/1189 732/1661/1189 733/1660/1189
f 687/1706/1190 686/1707/1190 731/1662/1190 732/1661/1190
f 686/1707/1191 685/1708/1191 730/1663/1191 731/1662/1191
f 685/1708/1192 684/1709/1192 729/1664/1192 730/1663/1192
f 684/1709/1193 683/1710/1193 728/1665/1193 729/1664/1193
f 683/1710/1194 682/1711/1194 727/1666/1194 728/1665/1194
f 682/1711/1195 681/1712/1195 726/1667/1195 727/1666/1195
f 681/1712/1196 680/30/1196 725/32/1196 726/1667/1196
f 30/1713/1197 679/1714/1197 724/1669/1197 29/1668/1197
f 679/1714/1198 678/1715/1198 723/1670/1198 724/1669/1198
f 678/1715/1199 677/1716/1199 722/1671/1199 723/1670/1199
f 677/1716/1200 676/1717/1200 721/1672/1200 722/1671/1200
f 676/1717/1201 675/1718/1201 720/1673/1201 721/1672/1201
f 675/1718/1202 674/1719/1202 719/1674/1202 720/1673/1202
f 674/1719/1203 673/1720/1203 718/1675/1203 719/1674/1203
f 673/1720/1204 672/1721/1204 717/1676/1204 718/1675/1204
f 672/1721/1205 671/1722/1205 716/1677/1205 717/1676/1205
f 671/1722/1206 670/1723/1206 715/1678/1206 716/1677/1206
f 670/1723/1207 669/1724/1207 714/1679/1207 715/1678/1207
f 669/1724/1208 668/1725/1208 713/1680/1208 714/1679/1208
f 668/1725/1209 667/1726/1209 712/1681/1209 713/1680/1209
f 667/1726/1210 666/1727/1210 711/1682/1210 712/1681/1210
f 666/1727/39 665/1728/39 710/1683/39 711/1682/39
f 665/1728/39 664/1729/39 709/1684/39 710/1683/39
f 664/1729/39 663/1730/39 708/1685/39 709/1684/39
f 663/1730/39 662/1731/39 707/1686/39 708/1685/39
f 662/1731/39 661/1732/39 706/1687/39 707/1686/39
f 661/1732/39 660/1733/39 705/1688/39 706/1687/39
f 660/1733/39 659/1734/39 704/1689/39 705/1688/39
f 659/1734/39 658/1735/39 703/1690/39 704/1689/39
f 658/1735/39 657/1736/39 702/1691/39 703/1690/39
f 657/1736/39 656/1737/39 701/1692/39 702/1691/39
f 656/1737/39 655/1738/39 700/1693/39 701/1692/39
f 655/1738/39 654/1739/39 699/1694/39 700/1693/39
f 654/1739/39 653/1740/39 698/1695/39 699/1694/39
f 653/1740/1211 652/1741/1211 697/1696/1211 698/1695/1211
f 652/1741/1212 651/1742/1212 696/1697/1212 697/1696/1212
f 651/1742/1213 650/1743/1213 695/1698/1213 696/1697/1213
f 650/1743/1214 649/1744/1214 694/1699/1214 695/1698/1214
f 649/1744/1215 648/1745/1215 693/1700/1215 694/1699/1215
f 648/1745/1216 647/1746/1216 692/1701/1216 693/1700/1216
f 647/1746/1217 646/1747/1217 691/1702/1217 692/1701/1217
f 646/1747/1218 645/1748/1218 690/1703/1218 691/1702/1218
f 645/1748/1219 644/1749/1219 689/1704/1219 690/1703/1219
f 644/1749/1220 643/1750/1220 688/1705/1220 689/1704/1220
f 643/1750/1221 642/1751/1221 687/1706/1221 688/1705/1221
f 642/1751/1222 641/1752/1222 686/1707/1222 687/1706/1222
f 641/1752/1223 640/1753/1223 685/1708/1223 686/1707/1223
f 640/1753/1224 639/1754/1224 684/1709/1224 685/1708/1224
f 639/1754/1225 638/1755/1225 683/1710/1225 684/1709/1225
f 638/1755/1226 637/1756/1226 682/1711/1226 683/1710/1226
f 637/1756/1227 636/1757/1227 681/1712/1227 682/1711/1227
f 636/1757/1228 635/28/1228 680/30/1228 681/1712/1228
f 31/1758/1229 634/1759/1229 679/1714/1229 30/1713/1229
f 634/1759/1230 633/1760/1230 678/1715/1230 679/1714/1230
f 633/1760/1231 632/1761/1231 677/1716/1231 678/1715/1231
f 632/1761/1232 631/1762/1232 676/1717/1232 677/1716/1232
f 631/1762/1233 630/1763/1233 675/1718/1233 676/1717/1233
f 630/1763/1234 629/1764/1234 674/1719/1234 675/1718/1234
f 629/1764/1235 628/1765/1235 673/1720/1235 674/1719/1235
f 628/1765/1236 627/1766/1236 672/1721/1236 673/1720/1236
f 627/1766/1237 626/1767/1237 671/1722/1237 672/1721/1237
f 626/1767/1238 625/1768/1238 670/1723/1238 671/1722/1238
f 625/1768/1239 624/1769/1239 669/1724/1239 670/1723/1239
f 624/1769/1240 623/1770/1240 668/1725/1240 669/1724/1240
f 623/1770/1241 622/1771/1241 667/1726/1241 668/1725/1241
f 622/1771/1242 621/1772/1242 666/1727/1242 667/1726/1242
f 621/1772/1243 620/1773/1243 665/1728/1243 666/1727/1243
f 620/1773/1244 619/1774/1244 664/1729/1244 665/1728/1244
f 619/1774/1245 618/1775/1245 663/1730/1245 664/1729/1245
f 618/1775/1246 617/1776/1246 662/1731/1246 663/1730/1246
f 617/1776/1247 616/1777/1247 661/1732/1247 662/1731/1247
f 616/1777/1248 615/1778/1248 660/1733/1248 661/1732/1248
f 615/1778/1249 614/1779/1249 659/1734/1249 660/1733/1249
f 614/1779/1250 613/1780/1250 658/1735/1250 659/1734/1250
f 613/1780/1251 612/1781/1251 657/1736/1251 658/1735/1251
f 612/1781/1252 611/1782/1252 656/1737/1252 657/1736/1252
f 611/1782/1253 610/1783/1253 655/1738/1253 656/1737/1253
f 610/1783/1254 609/1784/1254 654/1739/1254 655/1738/1254
f 609/1784/1255 608/1785/1255 653/1740/1255 654/1739/1255
f 608/1785/1256 607/1786/1256 652/1741/1256 653/1740/1256
f 607/1786/1257 606/1787/1257 651/1742/1257 652/1741/1257
f 606/1787/1258 605/1788/1258 650/1743/1258 651/1742/1258
f 605/1788/1259 604/1789/1259 649/1744/1259 650/1743/1259
f 604/1789/1260 603/1790/1260 648/1745/1260 649/1744/1260
f 603/1790/1261 602/1791/1261 647/1746/1261 648/1745/1261
f 602/1791/1262 601/1792/1262 646/1747/1262 647/1746/1262
f 601/1792/1263 600/1793/1263 645/1748/1263 646/1747/1263
f 600/1793/1264 599/1794/1264 644/1749/1264 645/1748/1264
f 599/1794/1265 598/1795/1265 643/1750/1265 644/1749/1265
f 598/1795/1266 597/1796/1266 642/1751/1266 643/1750/1266
f 597/1796/1267 596/1797/1267 641/1752/1267 642/1751/1267
f 596/1797/1268 595/1798/1268 640/1753/1268 641/1752/1268
f 595/1798/1269 594/1799/1269 639/1754/1269 640/1753/1269
f 594/1799/1270 593/1800/1270 638/1755/1270 639/1754/1270
f 593/1800/1271 592/1801/1271 637/1756/1271 638/1755/1271
f 592/1801/1272 591/1802/1272 636/1757/1272 637/1756/1272
f 591/1802/1273 590/26/1273 635/28/1273 636/1757/1273
f 32/1803/1274 589/1804/1274 634/1759/1274 31/1758/1274
f 589/1804/1275 588/1805/1275 633/1760/1275 634/1759/1275
f 588/1805/1276 587/1806/1276 632/1761/1276 633/1760/1276
f 587/1806/1277 586/1807/1277 631/1762/1277 632/1761/1277
f 586/1807/1278 585/1808/1278 630/1763/1278 631/1762/1278
f 585/1808/1279 584/1809/1279 629/1764/1279 630/1763/1279
f 584/1809/1280 583/1810/1280 628/1765/1280 629/1764/1280
f 583/1810/1281 582/1811/1281 627/1766/1281 628/1765/1281
f 582/1811/1282 581/1812/1282 626/1767/1282 627/1766/1282
f 581/1812/1283 580/1813/1283 625/1768/1283 626/1767/1283
f 580/1813/1284 579/1814/1284 624/1769/1284 625/1768/1284
f 579/1814/1285 578/1815/1285 623/1770/1285 624/1769/1285
f 578/1815/1286 577/1816/1286 622/1771/1286 623/1770/1286
f 577/1816/1287 576/1817/1287 621/1772/1287 622/1771/1287
f 576/1817/1288 575/1818/1288 620/1773/1288 621/1772/1288
f 575/1818/1289 574/1819/1289 619/1774/1289 620/1773/1289
f 574/1819/1290 573/1820/1290 618/1775/1290 619/1774/1290
f 573/1820/1291 572/1821/1291 617/1776/1291 618/1775/1291
f 572/1821/1292 571/1822/1292 616/1777/1292 617/1776/1292
f 571/1822/1293 570/1823/1293 615/1778/1293 616/1777/1293
f 570/1823/1294 569/1824/1294 614/1779/1294 615/1778/1294
f 569/1824/1295 568/1825/1295 613/1780/1295 614/1779/1295
f 568/1825/1296 567/1826/1296 612/1781/1296 613/1780/1296
f 567/1826/1297 566/1827/1297 611/1782/1297 612/1781/1297
f 566/1827/1298 565/1828/1298 610/1783/1298 611/1782/1298
f 565/1828/1299 564/1829/1299 609/1784/1299 610/1783/1299
f 564/1829/1300 563/1830/1300 608/1785/1300 609/1784/1300
f 563/1830/1301 562/1831/1301 607/1786/1301 608/1785/1301
f 562/1831/1302 561/1832/1302 606/1787/1302 607/1786/1302
f 561/1832/1303 560/1833/1303 605/1788/1303 606/1787/1303
f 560/1833/1304 559/1834/1304 604/1789/1304 605/1788/1304
f 559/1834/1305 558/1835/1305 603/1790/1305 604/1789/1305
f 558/1835/1306 557/1836/1306 602/1791/1306 603/1790/1306
f 557/1836/1307 556/1837/1307 601/1792/1307 602/1791/1307
f 556/1837/1308 555/1838/1308 600/1793/1308 601/1792/1308
f 555/1838/1309 554/1839/1309 599/1794/1309 600/1793/1309
f 554/1839/1310 553/1840/1310 598/1795/1310 599/1794/1310
f 553/1840/1311 552/1841/1311 597/1796/1311 598/1795/1311
f 552/1841/1312 551/1842/1312 596/1797/1312 597/1796/1312
f 551/1842/1313 550/1843/1313 595/1798/1313 596/1797/1313
f 550/1843/1314 549/1844/1314 594/1799/1314 595/1798/1314
f 549/1844/1315 548/1845/1315 593/1800/1315 594/1799/1315
f 548/1845/1316 547/1846/1316 592/1801/1316 593/1800/1316
f 547/1846/1317 546/1847/1317 591/1802/1317 592/1801/1317
f 546/1847/1318 545/24/1318 590/26/1318 591/1802/1318
f 33/1848/1319 544/1849/1319 589/1804/1319 32/1803/1319
f 544/1849/1320 543/1850/1320 588/1805/1320 589/1804/1320
f 543/1850/1321 542/1851/1321 587/1806/1321 588/1805/1321
f 542/1851/1322 541/1852/1322 586/1807/1322 587/1806/1322
f 541/1852/1323 540/1853/1323 585/1808/1323 586/1807/1323
f 540/1853/1324 539/1854/1324 584/1809/1324 585/1808/1324
f 539/1854/1325 538/1855/1325 583/1810/1325 584/1809/1325
f 538/1855/1326 537/1856/1326 582/1811/1326 583/1810/1326
f 537/1856/1327 536/1857/1327 581/1812/1327 582/1811/1327
f 536/1857/1328 535/1858/1328 580/1813/1328 581/1812/1328
f 535/1858/1329 534/1859/1329 579/1814/1329 580/1813/1329
f 534/1859/1330 533/1860/1330 578/1815/1330 579/1814/1330
f 533/1860/1331 532/1861/1331 577/1816/1331 578/1815/1331
f 532/1861/1332 531/1862/1332 576/1817/1332 577/1816/1332
f 531/1862/1333 530/1863/1333 575/1818/1333 576/1817/1333
f 530/1863/1334 529/1864/1334 574/1819/1334 575/1818/1334
f 529/1864/1335 528/1865/1335 573/1820/1335 574/1819/1335
f 528/1865/1336 527/1866/1336 572/1821/1336 573/1820/1336
f 527/1866/1337 526/1867/1337 571/1822/1337 572/1821/1337
f 526/1867/1338 525/1868/1338 570/1823/1338 571/1822/1338
f 525/1868/1339 524/1869/1339 569/1824/1339 570/1823/1339
f 524/1869/1340 523/1870/1340 568/1825/1340 569/1824/1340
f 523/1870/1341 522/1871/1341 567/1826/1341 568/1825/1341
f 522/1871/1342 521/1872/1342 566/1827/1342 567/1826/1342
f 521/1872/1343 520/1873/1343 565/1828/1343 566/1827/1343
f 520/1873/1344 519/1874/1344 564/1829/1344 565/1828/1344
f 519/1874/1345 518/1875/1345 563/1830/1345 564/1829/1345
f 518/1875/1346 517/1876/1346 562/1831/1346 563/1830/1346
f 517/1876/1347 516/1877/1347 561/1832/1347 562/1831/1347
f 516/1877/1348 515/1878/1348 560/1833/1348 561/1832/1348
f 515/1878/1349 514/1879/1349 559/1834/1349 560/1833/1349
f 514/1879/1350 513/1880/1350 558/1835/1350 559/1834/1350
f 513/1880/1351 512/1881/1351 557/1836/1351 558/1835/1351
f 512/1881/1352 511/1882/1352 556/1837/1352 557/1836/1352
f 511/1882/1353 510/1883/1353 555/1838/1353 556/1837/1353
f 510/1883/1354 509/1884/1354 554/1839/1354 555/1838/1354
f 509/1884/1355 508/1885/1355 553/1840/1355 554/1839/1355
f 508/1885/1356 507/1886/1356 552/1841/1356 553/1840/1356
f 507/1886/1357 506/1887/1357 551/1842/1357 552/1841/1357
f 506/1887/1358 505/1888/1358 550/1843/1358 551/1842/1358
f 505/1888/1359 504/1889/1359 549/1844/1359 550/1843/1359
f 504/1889/1360 503/1890/1360 548/1845/1360 549/1844/1360
f 503/1890/1361 502/1891/1361 547/1846/1361 548/1845/1361
f 502/1891/1362 501/1892/1362 546/1847/1362 547/1846/1362
f 501/1892/1363 500/22/1363 545/24/1363 546/1847/1363
f 34/1893/1364 499/1894/1364 544/1849/1364 33/1848/1364
f 499/1894/1365 498/1895/1365 543/1850/1365 544/1849/1365
f 498/1895/1366 497/1896/1366 542/1851/1366 543/1850/1366
f 497/1896/1367 496/1897/1367 541/1852/1367 542/1851/1367
f 496/1897/1368 495/1898/1368 540/1853/1368 541/1852/1368
f 495/1898/1369 494/1899/1369 539/1854/1369 540/1853/1369
f 494/1899/1370 493/1900/1370 538/1855/1370 539/1854/1370
f 493/1900/1371 492/1901/1371 537/1856/1371 538/1855/1371
f 492/1901/1372 491/1902/1372 536/1857/1372 537/1856/1372
f 491/1902/1373 490/1903/1373 535/1858/1373 536/1857/1373
f 490/1903/1374 489/1904/1374 534/1859/1374 535/1858/1374
f 489/1904/1375 488/1905/1375 533/1860/1375 534/1859/1375
f 488/1905/1376 487/1906/1376 532/1861/1376 533/1860/1376
f 487/1906/1377 486/1907/1377 531/1862/1377 532/1861/1377
f 486/1907/1378 485/1908/1378 530/1863/1378 531/1862/1378
f 485/1908/1379 484/1909/1379 529/1864/1379 530/1863/1379
f 484/1909/1380 483/1910/1380 528/1865/1380 529/1864/1380
f 483/1910/1381 482/1911/1381 527/1866/1381 528/1865/1381
f 482/1911/1382 481/1912/1382 526/1867/1382 527/1866/1382
f 481/1912/1383 480/1913/1383 525/1868/1383 526/1867/1383
f 480/1913/1384 479/1914/1384 524/1869/1384 525/1868/1384
f 479/1914/1385 478/1915/1385 523/1870/1385 524/1869/1385
f 478/1915/1386 477/1916/1386 522/1871/1386 523/1870/1386
f 477/1916/1387 476/1917/1387 521/1872/1387 522/1871/1387
f 476/1917/1388 475/1918/1388 520/1873/1388 521/1872/1388
f 475/1918/1389 474/1919/1389 519/1874/1389 520/1873/1389
f 474/1919/1390 473/1920/1390 518/1875/1390 519/1874/1390
f 473/1920/1391 472/1921/1391 517/1876/1391 518/1875/1391
f 472/1921/1392 471/1922/1392 516/1877/1392 517/1876/1392
f 471/1922/1393 470/1923/1393 515/1878/1393 516/1877/1393
f 470/1923/1394 469/1924/1394 514/1879/1394 515/1878/1394
f 469/1924/1395 468/1925/1395 513/1880/1395 514/1879/1395
f 468/1925/1396 467/1926/1396 512/1881/1396 513/1880/1396
f 467/1926/1397 466/1927/1397 511/1882/1397 512/1881/1397
f 466/1927/1398 465/1928/1398 510/1883/1398 511/1882/1398
f 465/1928/1399 464/1929/1399 509/1884/1399 510/1883/1399
f 464/1929/1400 463/1930/1400 508/1885/1400 509/1884/1400
f 463/1930/1401 462/1931/1401 507/1886/1401 508/1885/1401
f 462/1931/1402 461/1932/1402 506/1887/1402 507/1886/1402
f 461/1932/1403 460/1933/1403 505/1888/1403 506/1887/1403
f 460/1933/1404 459/1934/1404 504/1889/1404 505/1888/1404
f 459/1934/1405 458/1935/1405 503/1890/1405 504/1889/1405
f 458/1935/1406 457/1936/1406 502/1891/1406 503/1890/1406
f 457/1936/1407 456/1937/1407 501/1892/1407 502/1891/1407
f 456/1937/1408 455/20/1408 500/22/1408 501/1892/1408
f 35/1938/1409 454/1939/1409 499/1894/1409 34/1893/1409
f 454/1939/1410 453/1940/1410 498/1895/1410 499/1894/1410
f 453/1940/1411 452/1941/1411 497/1896/1411 498/1895/1411
f 452/1941/1412 451/1942/1412 496/1897/1412 497/1896/1412
f 451/1942/1413 450/1943/1413 495/1898/1413 496/1897/1413
f 450/1943/1414 449/1944/1414 494/1899/1414 495/1898/1414
f 449/1944/1415 448/1945/1415 493/1900/1415 494/1899/1415
f 448/1945/1416 447/1946/1416 492/1901/1416 493/1900/1416
f 447/1946/1417 446/1947/1417 491/1902/1417 492/1901/1417
f 446/1947/1418 445/1948/1418 490/1903/1418 491/1902/1418
f 445/1948/1419 444/1949/1419 489/1904/1419 490/1903/1419
f 444/1949/1420 443/1950/1420 488/1905/1420 489/1904/1420
f 443/1950/1421 442/1951/1421 487/1906/1421 488/1905/1421
f 442/1951/1422 441/1952/1422 486/1907/1422 487/1906/1422
f 441/1952/1423 440/1953/1423 485/1908/1423 486/1907/1423
f 440/1953/1424 439/1954/1424 484/1909/1424 485/1908/1424
f 439/1954/1425 438/1955/1425 483/1910/1425 484/1909/1425
f 438/1955/1426 437/1956/1426 482/1911/1426 483/1910/1426
f 437/1956/1427 436/1957/1427 481/1912/1427 482/1911/1427
f 436/1957/1428 435/1958/1428 480/1913/1428 481/1912/1428
f 435/1958/1429 434/1959/1429 479/1914/1429 480/1913/1429
f 434/1959/1430 433/1960/1430 478/1915/1430 479/1914/1430
f 433/1960/1431 432/1961/1431 477/1916/1431 478/1915/1431
f 432/1961/1432 431/1962/1432 476/1917/1432 477/1916/1432
f 431/1962/1433 430/1963/1433 475/1918/1433 476/1917/1433
f 430/1963/1434 429/1964/1434 474/1919/1434 475/1918/1434
f 429/1964/1435 428/1965/1435 473/1920/1435 474/1919/1435
f 428/1965/1436 427/1966/1436 472/1921/1436 473/1920/1436
f 427/1966/1437 426/1967/1437 471/1922/1437 472/1921/1437
f 426/1967/1438 425/1968/1438 470/1923/1438 471/1922/1438
f 425/1968/1439 424/1969/1439 469/1924/1439 470/1923/1439
f 424/1969/1440 423/1970/1440 468/1925/1440 469/1924/1440
f 423/1970/1441 422/1971/1441 467/1926/1441 468/1925/1441
f 422/1971/1442 421/1972/1442 466/1927/1442 467/1926/1442
f 421/1972/1443 420/1973/1443 465/1928/1443 466/1927/1443
f 420/1973/1444 419/1974/1444 464/1929/1444 465/1928/1444
f 419/1974/1445 418/1975/1445 463/1930/1445 464/1929/1445
f 418/1975/1446 417/1976/1446 462/1931/1446 463/1930/1446
f 417/1976/1447 416/1977/1447 461/1932/1447 462/1931/1447
f 416/1977/1448 415/1978/1448 460/1933/1448 461/1932/1448
f 415/1978/1449 414/1979/1449 459/1934/1449 460/1933/1449
f 414/1979/1450 413/1980/1450 458/1935/1450 459/1934/1450
f 413/1980/1451 412/1981/1451 457/1936/1451 458/1935/1451
f 412/1981/1452 411/1982/1452 456/1937/1452 457/1936/1452
f 411/1982/1453 410/18/1453 455/20/1453 456/1937/1453
f 36/1983/1454 409/1984/1454 454/1939/1454 35/1938/1454
f 409/1984/1455 408/1985/1455 453/1940/1455 454/1939/1455
f 408/1985/1456 407/1986/1456 452/1941/1456 453/1940/1456
f 407/1986/1457 406/1987/1457 451/1942/1457 452/1941/1457
f 406/1987/1458 405/1988/1458 450/1943/1458 451/1942/1458
f 405/1988/1459 404/1989/1459 449/1944/1459 450/1943/1459
f 404/1989/1460 403/1990/1460 448/1945/1460 449/1944/1460
f 403/1990/1461 402/1991/1461 447/1946/1461 448/1945/1461
f 402/1991/1462 401/1992/1462 446/1947/1462 447/1946/1462
f 401/1992/1463 400/1993/1463 445/1948/1463 446/1947/1463
f 400/1993/1464 399/1994/1464 444/1949/1464 445/1948/1464
f 399/1994/1465 398/1995/1465 443/1950/1465 444/1949/1465
f 398/1995/1466 397/1996/1466 442/1951/1466 443/1950/1466
f 397/1996/1467 396/1997/1467 441/1952/1467 442/1951/1467
f 396/1997/1468 395/1998/1468 440/1953/1468 441/1952/1468
f 395/1998/1469 394/1999/1469 439/1954/1469 440/1953/1469
f 394/1999/1470 393/2000/1470 438/1955/1470 439/1954/1470
f 393/2000/1471 392/2001/1471 437/1956/1471 438/1955/1471
f 392/2001/1472 391/2002/1472 436/1957/1472 437/1956/1472
f 391/2002/1473 390/2003/1473 435/1958/1473 436/1957/1473
f 390/2003/1474 389/2004/1474 434/1959/1474 435/1958/1474
f 389/2004/1475 388/2005/1475 433/1960/1475 434/1959/1475
f 388/2005/1476 387/2006/1476 432/1961/1476 433/1960/1476
f 387/2006/1477 386/2007/1477 431/1962/1477 432/1961/1477
f 386/2007/1478 385/2008/1478 430/1963/1478 431/1962/1478
f 385/2008/1479 384/2009/1479 429/1964/1479 430/1963/1479
f 384/2009/1480 383/2010/1480 428/1965/1480 429/1964/1480
f 383/2010/1481 382/2011/1481 427/1966/1481 428/1965/1481
f 382/2011/1482 381/2012/1482 426/1967/1482 427/1966/1482
f 381/2012/1483 380/2013/1483 425/1968/1483 426/1967/1483
f 380/2013/1484 379/2014/1484 424/1969/1484 425/1968/1484
f 379/2014/1485 378/2015/1485 423/1970/1485 424/1969/1485
f 378/2015/1486 377/2016/1486 422/1971/1486 423/1970/1486
f 377/2016/1487 376/2017/1487 421/1972/1487 422/1971/1487
f 376/2017/1488 375/2018/1488 420/1973/1488 421/1972/1488
f 375/2018/1489 374/2019/1489 419/1974/1489 420/1973/1489
f 374/2019/1490 373/2020/1490 418/1975/1490 419/1974/1490
f 373/2020/1491 372/2021/1491 417/1976/1491 418/1975/1491
f 372/2021/1492 371/2022/1492 416/1977/1492 417/1976/1492
f 371/2022/1493 370/2023/1493 415/1978/1493 416/1977/1493
f 370/2023/1494 369/2024/1494 414/1979/1494 415/1978/1494
f 369/2024/1495 368/2025/1495 413/1980/1495 414/1979/1495
f 368/2025/1496 367/2026/1496 412/1981/1496 413/1980/1496
f 367/2026/1497 366/2027/1497 411/1982/1497 412/1981/1497
f 366/2027/1498 365/16/1498 410/18/1498 411/1982/1498
f 37/2028/1499 364/2029/1499 409/1984/1499 36/1983/1499
f 364/2029/1500 363/2030/1500 408/1985/1500 409/1984/1500
f 363/2030/1501 362/2031/1501 407/1986/1501 408/1985/1501
f 362/2031/1502 361/2032/1502 406/1987/1502 407/1986/1502
f 361/2032/1503 360/2033/1503 405/1988/1503 406/1987/1503
f 360/2033/1504 359/2034/1504 404/1989/1504 405/1988/1504
f 359/2034/1505 358/2035/1505 403/1990/1505 404/1989/1505
f 358/2035/1506 357/2036/1506 402/1991/1506 403/1990/1506
f 357/2036/1507 356/2037/1507 401/1992/1507 402/1991/1507
f 356/2037/1508 355/2038/1508 400/1993/1508 401/1992/1508
f 355/2038/1509 354/2039/1509 399/1994/1509 400/1993/1509
f 354/2039/1510 353/2040/1510 398/1995/1510 399/1994/1510
f 353/2040/1511 352/2041/1511 397/1996/1511 398/1995/1511
f 352/2041/1512 351/2042/1512 396/1997/1512 397/1996/1512
f 351/2042/1513 350/2043/1513 395/1998/1513 396/1997/1513
f 350/2043/1514 349/2044/1514 394/1999/1514 395/1998/1514
f 349/2044/1515 348/2045/1515 393/2000/1515 394/1999/1515
f 348/2045/1516 347/2046/1516 392/2001/1516 393/2000/1516
f 347/2046/1517 346/2047/1517 391/2002/1517 392/2001/1517
f 346/2047/1518 345/2048/1518 390/2003/1518 391/2002/1518
f 345/2048/1519 344/2049/1519 389/2004/1519 390/2003/1519
f 344/2049/1520 343/2050/1520 388/2005/1520 389/2004/1520
f 343/2050/1521 342/2051/1521 387/2006/1521 388/2005/1521
f 342/2051/1522 341/2052/1522 386/2007/1522 387/2006/1522
f 341/2052/1523 340/2053/1523 385/2008/1523 386/2007/1523
f 340/2053/1524 339/2054/1524 384/2009/1524 385/2008/1524
f 339/2054/1525 338/2055/1525 383/2010/1525 384/2009/1525
f 338/2055/1526 337/2056/1526 382/2011/1526 383/2010/1526
f 337/2056/1527 336/2057/1527 381/2012/1527 382/2011/1527
f 336/2057/1528 335/2058/1528 380/2013/1528 381/2012/1528
f 335/2058/1529 334/2059/1529 379/2014/1529 380/2013/1529
f 334/2059/1530 333/2060/1530 378/2015/1530 379/2014/1530
f 333/2060/1531 332/2061/1531 377/2016/1531 378/2015/1531
f 332/2061/1532 331/2062/1532 376/2017/1532 377/2016/1532
f 331/2062/1533 330/2063/1533 375/2018/1533 376/2017/1533
f 330/2063/1534 329/2064/1534 374/2019/1534 375/2018/1534
f 329/2064/1535 328/2065/1535 373/2020/1535 374/2019/1535
f 328/2065/1536 327/2066/1536 372/2021/1536 373/2020/1536
f 327/2066/1537 326/2067/1537 371/2022/1537 372/2021/1537
f 326/2067/1538 325/2068/1538 370/2023/1538 371/2022/1538
f 325/2068/1539 324/2069/1539 369/2024/1539 370/2023/1539
f 324/2069/1540 323/2070/1540 368/2025/1540 369/2024/1540
f 323/2070/1541 322/2071/1541 367/2026/1541 368/2025/1541
f 322/2071/1542 321/2072/1542 366/2027/1542 367/2026/1542
f 321/2072/1543 320/14/1543 365/16/1543 366/2027/1543
f 38/2073/1544 319/2074/1544 364/2029/1544 37/2028/1544
f 319/2074/1545 318/2075/1545 363/2030/1545 364/2029/1545
f 318/2075/1546 317/2076/1546 362/2031/1546 363/2030/1546
f 317/2076/1547 316/2077/1547 361/2032/1547 362/2031/1547
f 316/2077/1548 315/2078/1548 360/2033/1548 361/2032/1548
f 315/2078/1549 314/2079/1549 359/2034/1549 360/2033/1549
f 314/2079/1550 313/2080/1550 358/2035/1550 359/2034/1550
f 313/2080/1551 312/2081/1551 357/2036/1551 358/2035/1551
f 312/2081/1552 311/2082/1552 356/2037/1552 357/2036/1552
f 311/2082/1553 310/2083/1553 355/2038/1553 356/2037/1553
f 310/2083/1554 309/2084/1554 354/2039/1554 355/2038/1554
f 309/2084/1555 308/2085/1555 353/2040/1555 354/2039/1555
f 308/2085/1556 307/2086/1556 352/2041/1556 353/2040/1556
f 307/2086/1557 306/2087/1557 351/2042/1557 352/2041/1557
f 306/2087/1558 305/2088/1558 350/2043/1558 351/2042/1558
f 305/2088/1559 304/2089/1559 349/2044/1559 350/2043/1559
f 304/2089/1560 303/2090/1560 348/2045/1560 349/2044/1560
f 303/2090/1561 302/2091/1561 347/2046/1561 348/2045/1561
f 302/2091/1562 301/2092/1562 346/2047/1562 347/2046/1562
f 301/2092/1563 300/2093/1563 345/2048/1563 346/2047/1563
f 300/2093/1564 299/2094/1564 344/2049/1564 345/2048/1564
f 299/2094/1565 298/2095/1565 343/2050/1565 344/2049/1565
f 298/2095/1566 297/2096/1566 342/2051/1566 343/2050/1566
f 297/2096/1567 296/2097/1567 341/2052/1567 342/2051/1567
f 296/2097/1568 295/2098/1568 340/2053/1568 341/2052/1568
f 295/2098/1569 294/2099/1569 339/2054/1569 340/2053/1569
f 294/2099/1570 293/2100/1570 338/2055/1570 339/2054/1570
f 293/2100/1571 292/2101/1571 337/2056/1571 338/2055/1571
f 292/2101/1572 291/2102/1572 336/2057/1572 337/2056/1572
f 291/2102/1573 290/2103/1573 335/2058/1573 336/2057/1573
f 290/2103/1574 289/2104/1574 334/2059/1574 335/2058/1574
f 289/2104/1575 288/2105/1575 333/2060/1575 334/2059/1575
f 288/2105/1576 287/2106/1576 332/2061/1576 333/2060/1576
f 287/2106/1577 286/2107/1577 331/2062/1577 332/2061/1577
f 286/2107/1578 285/2108/1578 330/2063/1578 331/2062/1578
f 285/2108/1579 284/2109/1579 329/2064/1579 330/2063/1579
f 284/2109/1580 283/2110/1580 328/2065/1580 329/2064/1580
f 283/2110/1581 282/2111/1581 327/2066/1581 328/2065/1581
f 282/2111/1582 281/2112/1582 326/2067/1582 327/2066/1582
f 281/2112/1583 280/2113/1583 325/2068/1583 326/2067/1583
f 280/2113/1584 279/2114/1584 324/2069/1584 325/2068/1584
f 279/2114/1585 278/2115/1585 323/2070/1585 324/2069/1585
f 278/2115/1586 277/2116/1586 322/2071/1586 323/2070/1586
f 277/2116/1587 276/2117/1587 321/2072/1587 322/2071/1587
f 276/2117/1588 275/12/1588 320/14/1588 321/2072/1588
f 39/2118/1589 274/2119/1589 319/2074/1589 38/2073/1589
f 274/2119/1590 273/2120/1590 318/2075/1590 319/2074/1590
f 273/2120/1591 272/2121/1591 317/2076/1591 318/2075/1591
f 272/2121/1592 271/2122/1592 316/2077/1592 317/2076/1592
f 271/2122/1593 270/2123/1593 315/2078/1593 316/2077/1593
f 270/2123/1594 269/2124/1594 314/2079/1594 315/2078/1594
f 269/2124/1595 268/2125/1595 313/2080/1595 314/2079/1595
f 268/2125/1596 267/2126/1596 312/2081/1596 313/2080/1596
f 267/2126/1597 266/2127/1597 311/2082/1597 312/2081/1597
f 266/2127/1598 265/2128/1598 310/2083/1598 311/2082/1598
f 265/2128/1599 264/2129/1599 309/2084/1599 310/2083/1599
f 264/2129/1600 263/2130/1600 308/2085/1600 309/2084/1600
f 263/2130/1601 262/2131/1601 307/2086/1601 308/2085/1601
f 262/2131/1602 261/2132/1602 306/2087/1602 307/2086/1602
f 261/2132/1603 260/2133/1603 305/2088/1603 306/2087/1603
f 260/2133/1604 259/2134/1604 304/2089/1604 305/2088/1604
f 259/2134/1605 258/2135/1605 303/2090/1605 304/2089/1605
f 258/2135/1606 257/2136/1606 302/2091/1606 303/2090/1606
f 257/2136/1607 256/2137/1607 301/2092/1607 302/2091/1607
f 256/2137/1608 255/2138/1608 300/2093/1608 301/2092/1608
f 255/2138/1609 254/2139/1609 299/2094/1609 300/2093/1609
f 254/2139/1610 253/2140/1610 298/2095/1610 299/2094/1610
f 253/2140/1611 252/2141/1611 297/2096/1611 298/2095/1611
f 252/2141/1612 251/2142/1612 296/2097/1612 297/2096/1612
f 251/2142/1613 250/2143/1613 295/2098/1613 296/2097/1613
f 250/2143/1614 249/2144/1614 294/2099/1614 295/2098/1614
f 249/2144/1615 248/2145/1615 293/2100/1615 294/2099/1615
f 248/2145/1616 247/2146/1616 292/2101/1616 293/2100/1616
f 247/2146/1617 246/2147/1617 291/2102/1617 292/2101/1617
f 246/2147/1618 245/2148/1618 290/2103/1618 291/2102/1618
f 245/2148/1619 244/2149/1619 289/2104/1619 290/2103/1619
f 244/2149/1620 243/2150/1620 288/2105/1620 289/2104/1620
f 243/2150/1621 242/2151/1621 287/2106/1621 288/2105/1621
f 242/2151/1622 241/2152/1622 286/2107/1622 287/2106/1622
f 241/2152/1623 240/2153/1623 285/2108/1623 286/2107/1623
f 240/2153/1624 239/2154/1624 284/2109/1624 285/2108/1624
f 239/2154/1625 238/2155/1625 283/2110/1625 284/2109/1625
f 238/2155/1626 237/2156/1626 282/2111/1626 283/2110/1626
f 237/2156/1627 236/2157/1627 281/2112/1627 282/2111/1627
f 236/2157/1628 235/2158/1628 280/2113/1628 281/2112/1628
f 235/2158/1629 234/2159/1629 279/2114/1629 280/2113/1629
f 234/2159/1630 233/2160/1630 278/2115/1630 279/2114/1630
f 233/2160/1631 232/2161/1631 277/2116/1631 278/2115/1631
f 232/2161/1632 231/2162/1632 276/2117/1632 277/2116/1632
f 231/2162/1633 230/10/1633 275/12/1633 276/2117/1633
f 40/2163/1634 229/2164/1634 274/2119/1634 39/2118/1634
f 229/2164/1635 228/2165/1635 273/2120/1635 274/2119/1635
f 228/2165/1636 227/2166/1636 272/2121/1636 273/2120/1636
f 227/2166/1637 226/2167/1637 271/2122/1637 272/2121/1637
f 226/2167/1638 225/2168/1638 270/2123/1638 271/2122/1638
f 225/2168/1639 224/2169/1639 269/2124/1639 270/2123/1639
f 224/2169/1640 223/2170/1640 268/2125/1640 269/2124/1640
f 223/2170/1641 222/2171/1641 267/2126/1641 268/2125/1641
f 222/2171/1642 221/2172/1642 266/2127/1642 267/2126/1642
f 221/2172/1643 220/2173/1643 265/2128/1643 266/2127/1643
f 220/2173/1644 219/2174/1644 264/2129/1644 265/2128/1644
f 219/2174/1645 218/2175/1645 263/2130/1645 264/2129/1645
f 218/2175/1646 217/2176/1646 262/2131/1646 263/2130/1646
f 217/2176/1647 216/2177/1647 261/2132/1647 262/2131/1647
f 216/2177/1648 215/2178/1648 260/2133/1648 261/2132/1648
f 215/2178/1649 214/2179/1649 259/2134/1649 260/2133/1649
f 214/2179/1650 213/2180/1650 258/2135/1650 259/2134/1650
f 213/2180/1651 212/2181/1651 257/2136/1651 258/2135/1651
f 212/2181/1652 211/2182/1652 256/2137/1652 257/2136/1652
f 211/2182/1653 210/2183/1653 255/2138/1653 256/2137/1653
f 210/2183/1654 209/2184/1654 254/2139/1654 255/2138/1654
f 209/2184/1655 208/2185/1655 253/2140/1655 254/2139/1655
f 208/2185/1656 207/2186/1656 252/2141/1656 253/2140/1656
f 207/2186/1657 206/2187/1657 251/2142/1657 252/2141/1657
f 206/2187/1658 205/2188/1658 250/2143/1658 251/2142/1658
f 205/2188/1659 204/2189/1659 249/2144/1659 250/2143/1659
f 204/2189/1660 203/2190/1660 248/2145/1660 249/2144/1660
f 203/2190/1661 202/2191/1661 247/2146/1661 248/2145/1661
f 202/2191/1662 201/2192/1662 246/2147/1662 247/2146/1662
f 201/2192/1663 200/2193/1663 245/2148/1663 246/2147/1663
f 200/2193/1664 199/2194/1664 244/2149/1664 245/2148/1664
f 199/2194/1665 198/2195/1665 243/2150/1665 244/2149/1665
f 198/2195/1666 197/2196/1666 242/2151/1666 243/2150/1666
f 197/2196/1667 196/2197/1667 241/2152/1667 242/2151/1667
f 196/2197/1668 195/2198/1668 240/2153/1668 241/2152/1668
f 195/2198/1669 194/2199/1669 239/2154/1669 240/2153/1669
f 194/2199/1670 193/2200/1670 238/2155/1670 239/2154/1670
f 193/2200/1671 192/2201/1671 237/2156/1671 238/2155/1671
f 192/2201/1672 191/2202/1672 236/2157/1672 237/2156/1672
f 191/2202/1673 190/2203/1673 235/2158/1673 236/2157/1673
f 190/2203/1674 189/2204/1674 234/2159/1674 235/2158/1674
f 189/2204/1675 188/2205/1675 233/2160/1675 234/2159/1675
f 188/2205/1676 187/2206/1676 232/2161/1676 233/2160/1676
f 187/2206/1677 186/2207/1677 231/2162/1677 232/2161/1677
f 186/2207/1678 185/8/1678 230/10/1678 231/2162/1678
f 41/278/1679 184/277/1679 229/2164/1679 40/2163/1679
f 184/277/1680 183/280/1680 228/2165/1680 229/2164/1680
f 183/280/1681 182/282/1681 227/2166/1681 228/2165/1681
f 182/282/1682 181/284/1682 226/2167/1682 227/2166/1682
f 181/284/1683 180/286/1683 225/2168/1683 226/2167/1683
f 180/286/1684 179/288/1684 224/2169/1684 225/2168/1684
f 179/288/1685 178/290/1685 223/2170/1685 224/2169/1685
f 178/290/1686 177/292/1686 222/2171/1686 223/2170/1686
f 177/292/1687 176/294/1687 221/2172/1687 222/2171/1687
f 176/294/1688 175/296/1688 220/2173/1688 221/2172/1688
f 175/296/1689 174/298/1689 219/2174/1689 220/2173/1689
f 174/298/1690 173/300/1690 218/2175/1690 219/2174/1690
f 173/300/1691 172/302/1691 217/2176/1691 218/2175/1691
f 172/302/1692 171/304/1692 216/2177/1692 217/2176/1692
f 171/304/1693 170/306/1693 215/2178/1693 216/2177/1693
f 170/306/1694 169/308/1694 214/2179/1694 215/2178/1694
f 169/308/1695 168/310/1695 213/2180/1695 214/2179/1695
f 168/310/1696 167/312/1696 212/2181/1696 213/2180/1696
f 167/312/1697 166/314/1697 211/2182/1697 212/2181/1697
f 166/314/1698 165/316/1698 210/2183/1698 211/2182/1698
f 165/316/1699 164/318/1699 209/2184/1699 210/2183/1699
f 164/318/1700 163/320/1700 208/2185/1700 209/2184/1700
f 163/320/1701 162/322/1701 207/2186/1701 208/2185/1701
f 162/322/1702 161/324/1702 206/2187/1702 207/2186/1702
f 161/324/1703 160/326/1703 205/2188/1703 206/2187/1703
f 160/326/1704 159/328/1704 204/2189/1704 205/2188/1704
f 159/328/1705 158/330/1705 203/2190/1705 204/2189/1705
f 158/330/1706 157/332/1706 202/2191/1706 203/2190/1706
f 157/332/1707 156/334/1707 201/2192/1707 202/2191/1707
f 156/334/1708 155/336/1708 200/2193/1708 201/2192/1708
f 155/336/1709 154/338/1709 199/2194/1709 200/2193/1709
f 154/338/1710 153/340/1710 198/2195/1710 199/2194/1710
f 153/340/1711 152/342/1711 197/2196/1711 198/2195/1711
f 152/342/1712 151/344/1712 196/2197/1712 197/2196/1712
f 151/344/1713 150/346/1713 195/2198/1713 196/2197/1713
f 150/346/1714 149/348/1714 194/2199/1714 195/2198/1714
f 149/348/1715 148/350/1715 193/2200/1715 194/2199/1715
f 148/350/1716 147/352/1716 192/2201/1716 193/2200/1716
f 147/352/1717 146/354/1717 191/2202/1717 192/2201/1717
f 146/354/1718 145/356/1718 190/2203/1718 191/2202/1718
f 145/356/1719 144/358/1719 189/2204/1719 190/2203/1719
f 144/358/1720 143/360/1720 188/2205/1720 189/2204/1720
f 143/360/1721 142/362/1721 187/2206/1721 188/2205/1721
f 142/362/1722 141/364/1722 186/2207/1722 187/2206/1722
f 141/364/1723 140/5/1723 185/8/1723 186/2207/1723
f 87/366/40 2073/365/40 1939/456/40 86/455/40
f 2073/365/89 2072/367/89 1940/457/89 1939/456/89
f 2072/367/1 2071/368/1 1941/458/1 1940/457/1
f 2071/368/1 2070/369/1 1942/459/1 1941/458/1
f 2070/369/1 2069/370/1 1943/460/1 1942/459/1
f 2069/370/1 2068/371/1 1944/461/1 1943/460/1
f 2068/371/1 2067/372/1 1945/462/1 1944/461/1
f 2067/372/1 2066/373/1 1946/463/1 1945/462/1
f 2066/373/40 2065/374/40 1947/464/40 1946/463/40
f 2065/374/40 2064/375/40 1948/465/40 1947/464/40
f 2064/375/40 2063/376/40 1949/466/40 1948/465/40
f 2063/376/40 2062/377/40 1950/467/40 1949/466/40
f 2062/377/40 2061/378/40 1951/468/40 1950/467/40
f 2061/378/1 2060/379/1 1952/469/1 1951/468/1
f 2060/379/40 2059/380/40 1953/470/40 1952/469/40
f 2059/380/40 2058/381/40 1954/471/40 1953/470/40
f 2058/381/1 2057/382/1 1955/472/1 1954/471/1
f 2057/382/40 2056/383/40 1956/473/40 1955/472/40
f 2056/383/40 2055/384/40 1957/474/40 1956/473/40
f 2055/384/40 2054/385/40 1958/475/40 1957/474/40
f 2054/385/1 2053/386/1 1959/476/1 1958/475/1
f 2053/386/1 2052/387/1 1960/477/1 1959/476/1
f 2052/387/1 2051/388/1 1961/478/1 1960/477/1
f 2051/388/1 2050/389/1 1962/479/1 1961/478/1
f 2050/389/1 2049/390/1 1963/480/1 1962/479/1
f 2049/390/40 2048/391/40 1964/481/40 1963/480/40
f 2048/391/40 2047/392/40 1965/482/40 1964/481/40
f 2047/392/1 2046/393/1 1966/483/1 1965/482/1
f 2046/393/40 2045/394/40 1967/484/40 1966/483/40
f 2045/394/40 2044/395/40 1968/485/40 1967/484/40
f 2044/395/40 2043/396/40 1969/486/40 1968/485/40
f 2043/396/40 2042/397/40 1970/487/40 1969/486/40
f 2042/397/40 2041/398/40 1971/488/40 1970/487/40
f 2041/398/1 2040/399/1 1972/489/1 1971/488/1
f 2040/399/40 2039/400/40 1973/490/40 1972/489/40
f 2039/400/40 2038/401/40 1974/491/40 1973/490/40
f 2038/401/1 2037/402/1 1975/492/1 1974/491/1
f 2037/402/40 2036/403/40 1976/493/40 1975/492/40
f 2036/403/40 2035/404/40 1977/494/40 1976/493/40
f 2035/404/40 2034/405/40 1978/495/40 1977/494/40
f 2034/405/1 2033/406/1 1979/496/1 1978/495/1
f 2033/406/1 2032/407/1 1980/497/1 1979/496/1
f 2032/407/1 2031/408/1 1981/498/1 1980/497/1
f 2031/408/1 2030/409/1 1982/499/1 1981/498/1
f 2030/409/1 2029/1/1 1983/4/1 1982/499/1
l 4 5
l 5 6
